,Rk,Player,Pos,Age,Tm,G,GS,MP_x,FG,FGA,FG%,3P,3PA,3P%,2P,2PA,2P%,eFG%,FT,FTA,FT%,ORB,DRB,TRB,AST,STL,BLK,TOV,PF,PTS,MP_y,PER,TS%,3PAr,FTr,ORB%,DRB%,TRB%,AST%,STL%,BLK%,TOV%,USG%,Unnamed: 19,OWS,DWS,WS,WS/48,Unnamed: 24,OBPM,DBPM,BPM,VORP
0,1,Precious Achiuwa,PF,22,TOR,5,5,26.6,4.2,10.2,.412,0.4,1.2,.333,3.8,9.0,.422,.431,1.6,3.0,.533,2.6,7.6,10.2,1.4,0.6,0.2,0.8,2.2,10.4,133,14.1,.451,.118,.294,9.5,31.9,19.9,8.2,1.1,0.7,6.5,18.9,,0.1,0.2,0.3,.121,,-2.1,-0.9,-3.0,0.0
1,2,Steven Adams,C,28,MEM,4,4,27.5,4.8,8.8,.543,0.0,0.0,,4.8,8.8,.543,.543,1.3,1.3,1.000,6.0,5.5,11.5,3.5,0.8,0.3,1.8,2.3,10.8,110,22.3,.578,.000,.143,22.5,21.6,22.1,17.2,1.3,0.8,15.8,16.1,,0.4,0.0,0.3,.152,,3.0,-3.2,-0.2,0.1
2,3,Bam Adebayo,C,24,MIA,4,4,30.5,6.8,13.5,.500,0.0,0.0,,6.8,13.5,.500,.500,5.8,7.0,.821,2.5,10.3,12.8,1.5,0.8,0.3,2.5,2.8,19.3,122,21.3,.581,.000,.519,8.4,33.3,21.1,8.0,1.2,0.9,13.1,26.3,,0.2,0.4,0.6,.249,,0.8,2.2,3.0,0.2
3,4,Santi Aldama,F,21,MEM,1,0,6.0,3.0,6.0,.500,1.0,2.0,.500,2.0,4.0,.500,.583,0.0,1.0,.000,2.0,0.0,2.0,0.0,0.0,0.0,0.0,1.0,7.0,6,35.5,.543,.333,.167,34.4,0.0,17.6,0.0,0.0,0.0,0.0,42.9,,0.0,0.0,0.0,.174,,19.2,-2.6,16.6,0.0
4,5,LaMarcus Aldridge,C,36,BRK,4,0,18.0,4.3,6.5,.654,0.0,0.5,.000,4.3,6.0,.708,.654,1.3,2.0,.625,1.5,3.3,4.8,0.3,0.3,1.5,1.0,2.3,9.8,72,21.3,.661,.077,.308,8.6,17.3,13.1,2.5,0.7,6.6,11.9,20.5,,0.2,0.1,0.3,.169,,-1.1,-0.6,-1.7,0.0
5,6,Nickeil Alexander-Walker,SG,23,NOP,5,5,32.4,5.6,15.8,.354,2.2,8.6,.256,3.4,7.2,.472,.424,1.6,1.8,.889,1.8,5.0,6.8,2.0,1.6,0.8,2.0,1.4,15.0,162,12.5,.452,.544,.114,5.6,14.9,10.3,9.9,2.4,2.1,10.8,24.0,,-0.1,0.2,0.1,.020,,-2.4,-0.7,-3.0,0.0
6,7,Grayson Allen,SG,26,MIL,5,5,28.8,4.4,10.8,.407,2.8,8.6,.326,1.6,2.2,.727,.537,1.6,1.6,1.000,0.2,3.8,4.0,1.8,1.0,0.2,0.4,1.6,13.2,144,14.8,.574,.796,.148,0.7,14.1,7.3,9.0,1.6,0.6,3.4,17.3,,0.3,0.1,0.3,.108,,0.8,-1.8,-1.0,0.0
7,8,Jarrett Allen,C,23,CLE,5,5,31.2,6.6,8.8,.750,0.0,0.2,.000,6.6,8.6,.767,.750,1.2,2.4,.500,1.6,7.6,9.2,1.0,1.2,0.8,1.4,1.8,14.4,156,20.8,.731,.023,.273,5.4,24.2,15.1,5.2,1.9,2.2,12.4,15.6,,0.4,0.3,0.7,.207,,1.7,1.1,2.8,0.2
8,9,Kyle Anderson,PF,28,MEM,4,0,20.3,1.8,7.5,.233,0.8,2.5,.300,1.0,5.0,.200,.283,1.3,1.5,.833,1.5,4.0,5.5,2.0,1.0,0.5,0.5,1.5,5.5,81,9.4,.337,.333,.200,7.6,21.3,14.3,12.0,2.4,2.2,5.8,17.1,,0.0,0.0,0.0,-0.009,,-3.7,-2.2,-5.9,-0.1
9,10,Giannis Antetokounmpo,PF,27,MIL,5,5,31.0,9.6,18.4,.522,1.2,3.4,.353,8.4,15.0,.560,.554,7.2,9.8,.735,2.2,9.4,11.6,6.6,1.0,2.0,3.0,2.8,27.6,155,34.7,.608,.185,.533,7.3,32.5,19.7,39.4,1.5,5.7,11.7,34.7,,0.8,0.2,1.0,.301,,8.8,2.6,11.5,0.5
10,11,Thanasis Antetokounmpo,SF,29,MIL,5,1,15.8,2.2,3.6,.611,0.0,0.0,,2.2,3.6,.611,.611,0.8,1.0,.800,1.6,2.2,3.8,1.0,0.6,0.2,1.0,2.8,5.2,79,13.6,.644,.000,.278,10.4,14.9,12.6,8.9,1.8,1.1,19.8,13.4,,0.1,0.0,0.2,.115,,-2.5,-1.6,-4.1,0.0
11,12,Carmelo Anthony,PF,37,LAL,5,0,27.8,4.8,11.2,.429,2.6,6.0,.433,2.2,5.2,.423,.545,1.8,2.0,.900,0.8,3.0,3.8,1.0,0.6,0.6,1.2,2.2,14.0,139,13.6,.579,.536,.179,3.0,11.1,7.1,5.0,1.0,1.8,9.0,19.8,,0.2,0.0,0.2,.066,,-0.1,-2.8,-2.9,0.0
12,13,Cole Anthony,PG,21,ORL,5,5,32.6,6.2,15.0,.413,2.2,7.0,.314,4.0,8.0,.500,.487,2.4,3.0,.800,0.4,7.0,7.4,5.8,1.0,0.0,2.8,2.6,17.0,163,15.6,.521,.467,.200,1.4,22.7,12.6,31.8,1.5,0.0,14.6,25.3,,0.1,0.0,0.1,.041,,-0.1,-2.3,-2.4,0.0
13,14,OG Anunoby,SF,24,TOR,5,5,34.6,6.6,17.4,.379,3.0,8.2,.366,3.6,9.2,.391,.466,2.8,3.2,.875,2.2,3.6,5.8,2.4,2.2,0.8,1.8,2.8,19.0,173,17.4,.505,.471,.184,6.2,11.6,8.7,11.4,3.1,2.2,8.7,24.3,,0.3,0.3,0.6,.164,,1.3,1.1,2.4,0.2
14,15,DJ Augustin,PG,34,HOU,4,0,11.8,1.0,2.8,.364,0.8,1.8,.429,0.3,1.0,.250,.500,0.0,0.0,,0.0,0.0,0.0,2.0,0.3,0.0,1.3,0.8,2.8,47,4.1,.500,.636,.000,0.0,0.0,0.0,23.4,1.0,0.0,31.3,14.2,,0.0,0.0,0.0,-0.038,,-5.0,-4.5,-9.5,-0.1
15,16,Deni Avdija,SF,21,WAS,4,0,18.5,1.5,3.5,.429,0.5,1.8,.286,1.0,1.8,.571,.500,1.5,2.0,.750,0.8,3.8,4.5,1.5,0.5,1.0,0.5,1.8,5.0,74,14.2,.571,.500,.571,4.5,20.2,12.7,11.0,1.3,4.4,10.2,11.4,,0.1,0.1,0.2,.159,,-0.1,2.0,1.9,0.1
16,17,Joel Ayayi,SG,21,WAS,1,0,4.0,0.0,0.0,,0.0,0.0,,0.0,0.0,,,0.0,0.0,,0.0,0.0,0.0,0.0,0.0,0.0,0.0,0.0,0.0,4,0.0,,,,0.0,0.0,0.0,0.0,0.0,0.0,,0.0,,0.0,0.0,0.0,.009,,-9.2,-1.4,-10.6,0.0
17,18,Deandre Ayton,C,23,PHO,4,4,31.3,5.5,9.5,.579,0.3,0.8,.333,5.3,8.8,.600,.592,1.8,2.5,.700,3.0,8.3,11.3,1.5,1.0,0.8,1.0,2.0,13.0,125,19.5,.613,.079,.263,10.0,28.0,18.9,7.1,1.5,2.3,8.6,15.9,,0.3,0.1,0.4,.145,,1.0,-1.0,0.0,0.1
18,19,Marvin Bagley III,PF,22,SAC,1,0,10.0,1.0,2.0,.500,0.0,0.0,,1.0,2.0,.500,.500,0.0,0.0,,0.0,4.0,4.0,0.0,0.0,0.0,1.0,1.0,2.0,10,2.0,.500,.000,.000,0.0,40.2,20.2,0.0,0.0,0.0,33.3,12.5,,0.0,0.0,0.0,-0.090,,-8.7,-3.6,-12.3,0.0
19,20,LaMelo Ball,PG,20,CHO,5,5,28.2,7.4,17.2,.430,3.4,7.4,.459,4.0,9.8,.408,.529,1.4,1.4,1.000,0.8,4.8,5.6,6.0,2.0,0.2,2.8,3.4,19.6,141,21.7,.550,.430,.081,3.0,19.1,10.8,32.2,3.3,0.7,13.6,30.0,,0.3,0.1,0.4,.141,,2.7,0.6,3.4,0.2
20,21,Lonzo Ball,PG,24,CHI,4,4,36.0,5.3,11.5,.457,3.3,7.5,.433,2.0,4.0,.500,.598,0.5,0.5,1.000,1.3,4.5,5.8,5.3,2.0,1.8,2.5,1.3,14.3,144,18.1,.608,.652,.043,3.9,13.3,8.7,21.5,2.7,4.0,17.6,17.6,,0.2,0.3,0.5,.178,,3.7,-0.7,2.9,0.2
21,22,Mo Bamba,C,23,ORL,5,5,31.0,4.8,9.0,.533,1.8,4.4,.409,3.0,4.6,.652,.633,2.2,3.2,.688,2.8,5.6,8.4,2.0,1.0,1.6,2.0,3.0,13.6,155,19.2,.653,.489,.356,10.5,19.1,15.0,10.8,1.6,4.6,16.1,17.3,,0.4,0.1,0.4,.128,,2.2,-1.1,1.1,0.1
22,23,Desmond Bane,SG,23,MEM,4,4,28.5,7.3,14.5,.500,3.0,7.5,.400,4.3,7.0,.607,.603,1.8,2.0,.875,0.3,4.0,4.3,2.5,1.3,0.5,1.8,2.0,19.3,114,21.4,.626,.517,.138,0.9,15.1,7.9,13.4,2.1,1.6,10.2,24.0,,0.4,0.0,0.3,.142,,3.3,-1.3,2.0,0.1
23,24,Dalano Banton,SF,22,TOR,5,0,9.0,1.6,3.2,.500,0.6,1.0,.600,1.0,2.2,.455,.594,0.4,0.6,.667,0.0,1.6,1.6,1.2,0.4,0.2,0.6,0.8,4.2,45,17.4,.606,.313,.188,0.0,19.8,9.2,21.4,2.2,2.1,14.8,18.5,,0.1,0.1,0.2,.186,,0.3,2.7,3.0,0.1
24,25,Harrison Barnes,PF,29,SAC,4,4,37.3,9.0,17.5,.514,4.3,8.3,.515,4.8,9.3,.514,.636,4.5,5.8,.783,3.3,6.8,10.0,2.3,0.8,0.0,1.8,0.5,26.8,149,26.0,.668,.471,.329,8.8,18.2,13.5,9.8,0.9,0.0,8.0,24.3,,0.7,0.0,0.7,.225,,8.3,-2.5,5.8,0.3
25,26,Scottie Barnes,SF,20,TOR,5,5,34.6,7.2,13.4,.537,0.2,1.2,.167,7.0,12.2,.574,.545,2.4,3.2,.750,3.4,4.8,8.2,2.4,0.4,0.6,3.0,3.2,17.0,173,16.3,.574,.090,.239,9.5,15.5,12.3,11.7,0.6,1.6,16.8,21.0,,0.2,0.2,0.5,.128,,-1.1,-0.8,-2.0,0.0
26,27,RJ Barrett,SF,21,NYK,4,4,34.3,4.5,11.5,.391,1.5,5.8,.261,3.0,5.8,.522,.457,1.5,2.5,.600,0.5,5.3,5.8,2.8,0.5,0.8,2.0,3.0,12.0,137,8.1,.476,.500,.217,1.5,16.0,8.7,11.1,0.7,2.4,13.7,18.2,,-0.1,0.1,0.1,.018,,-6.0,-1.8,-7.8,-0.2
27,28,Will Barton,SF,31,DEN,4,4,33.5,6.8,13.0,.519,2.0,4.8,.421,4.8,8.3,.576,.596,0.8,1.5,.500,0.5,4.3,4.8,3.8,1.0,0.8,1.5,1.3,16.3,134,17.9,.595,.365,.115,1.7,13.8,7.9,17.0,1.4,2.0,9.9,19.9,,0.3,0.2,0.4,.153,,2.3,-0.2,2.1,0.1
28,29,Charles Bassey,PF,21,PHI,2,0,2.0,1.0,1.5,.667,0.0,0.5,.000,1.0,1.0,1.000,.667,0.0,0.0,,0.5,0.5,1.0,0.0,0.0,0.0,0.0,0.0,2.0,4,45.5,.667,.333,.000,27.7,27.6,27.7,0.0,0.0,0.0,0.0,33.8,,0.0,0.0,0.0,.359,,13.9,-6.1,7.8,0.0
29,30,Keita Bates-Diop,SF,26,SAS,3,0,14.0,2.0,3.7,.545,0.3,1.0,.333,1.7,2.7,.625,.591,0.0,0.0,,0.0,3.0,3.0,0.0,0.7,0.0,1.0,1.3,4.3,42,7.4,.591,.273,.000,0.0,24.8,11.6,0.0,2.2,0.0,21.4,13.9,,0.0,0.1,0.0,.014,,-6.6,-0.9,-7.5,-0.1
30,31,Nicolas Batum,SF,33,LAC,3,2,25.7,3.0,7.3,.409,1.3,5.0,.267,1.7,2.3,.714,.500,0.3,1.0,.333,0.0,5.0,5.0,1.7,1.0,0.7,0.7,1.0,7.7,77,10.4,.493,.682,.136,0.0,22.0,10.2,9.1,1.8,2.3,7.9,14.0,,0.0,0.1,0.1,.073,,-1.3,1.0,-0.2,0.0
31,32,Kent Bazemore,SF,32,LAL,5,5,28.2,2.6,5.8,.448,1.8,4.2,.429,0.8,1.6,.500,.603,0.8,1.2,.667,0.0,2.0,2.0,1.2,0.8,0.4,0.8,3.6,7.8,141,7.6,.616,.724,.207,0.0,7.3,3.7,5.3,1.3,1.2,11.2,10.5,,0.1,0.0,0.1,.042,,-3.4,-0.7,-4.2,-0.1
32,33,Darius Bazley,PF,21,OKC,5,5,26.4,4.2,10.6,.396,1.0,4.8,.208,3.2,5.8,.552,.443,1.6,2.4,.667,0.6,5.6,6.2,1.8,1.2,1.0,1.4,0.6,11.0,132,13.7,.472,.453,.226,2.3,23.4,12.4,11.0,2.2,3.7,10.7,21.3,,-0.1,0.1,0.0,.001,,-2.2,-0.7,-2.9,0.0
33,34,Bradley Beal,SG,28,WAS,3,3,33.7,7.3,22.0,.333,1.3,8.3,.160,6.0,13.7,.439,.364,3.7,3.7,1.000,1.0,4.3,5.3,3.3,2.3,0.3,4.7,2.0,19.7,101,9.5,.416,.379,.167,3.3,12.8,8.3,16.5,3.3,0.8,16.5,36.4,,-0.4,0.2,-0.3,-0.126,,-4.9,-1.4,-6.3,-0.1
34,35,Malik Beasley,SG,25,MIN,4,0,21.3,2.5,6.8,.370,1.0,4.5,.222,1.5,2.3,.667,.444,0.5,1.0,.500,0.3,1.8,2.0,2.3,1.0,0.5,0.3,0.8,6.5,85,11.0,.452,.667,.148,1.2,8.0,4.7,15.4,2.2,2.2,3.4,14.4,,0.0,0.1,0.2,.097,,-2.6,-0.8,-3.4,0.0
35,36,DeAndre' Bembry,SF,27,BRK,4,0,9.0,1.3,2.5,.500,0.0,0.3,.000,1.3,2.3,.556,.500,0.3,0.3,1.000,0.3,0.8,1.0,0.5,0.8,0.8,0.5,1.3,2.8,36,13.3,.527,.100,.100,2.9,8.0,5.5,8.6,4.0,6.6,16.1,15.2,,0.0,0.1,0.1,.074,,-3.8,4.5,0.7,0.0
36,37,Davis Bertans,PF,29,WAS,4,0,18.8,2.0,5.3,.381,1.3,3.8,.333,0.8,1.5,.500,.500,0.8,0.8,1.000,0.3,1.8,2.0,1.0,0.3,0.0,0.5,2.0,6.0,75,8.1,.538,.714,.143,1.5,9.3,5.6,7.5,0.6,0.0,8.2,14.1,,0.1,0.1,0.1,.071,,-3.0,-2.1,-5.2,-0.1
37,38,Patrick Beverley,PG,33,MIN,3,0,21.3,2.7,6.0,.444,2.3,5.3,.438,0.3,0.7,.500,.639,0.3,0.7,.500,0.3,3.3,3.7,5.0,1.0,0.7,0.7,2.3,8.0,64,19.3,.636,.889,.111,1.6,15.2,8.5,34.4,2.2,2.9,9.6,13.4,,0.2,0.1,0.3,.259,,3.2,2.9,6.0,0.1
38,39,Saddiq Bey,SF,22,DET,3,3,33.3,7.3,15.7,.468,1.3,5.7,.235,6.0,10.0,.600,.511,2.0,2.3,.857,2.0,8.7,10.7,2.7,1.0,0.3,2.3,2.0,18.0,100,17.9,.539,.362,.149,5.8,30.0,16.8,14.7,1.4,0.8,12.3,23.9,,0.1,0.2,0.2,.106,,-0.5,1.3,0.7,0.1
39,40,Khem Birch,C,29,TOR,5,0,20.6,2.2,4.2,.524,0.0,0.4,.000,2.2,3.8,.579,.524,1.8,2.2,.818,3.0,2.2,5.2,0.6,0.8,0.0,1.0,1.0,6.2,103,15.4,.600,.095,.524,14.1,11.9,13.1,4.2,1.9,0.0,16.2,12.2,,0.2,0.1,0.3,.160,,-1.4,-0.7,-2.1,0.0
40,41,Goga Bitadze,C,22,IND,2,0,10.0,1.5,4.5,.333,0.5,1.5,.333,1.0,3.0,.333,.389,1.0,1.0,1.000,4.0,1.5,5.5,0.5,1.0,0.0,1.0,2.5,4.5,20,22.5,.455,.333,.222,45.2,15.9,30.1,7.2,4.8,0.0,16.8,25.4,,0.0,0.0,0.1,.170,,0.5,-3.3,-2.9,0.0
41,42,Nemanja Bjelica,PF,33,GSW,4,0,15.0,2.5,4.5,.556,0.3,0.8,.333,2.3,3.8,.600,.583,1.0,1.0,1.000,1.3,4.3,5.5,1.3,0.5,0.0,0.8,1.0,6.3,60,18.3,.633,.167,.222,8.8,29.6,19.3,11.9,1.6,0.0,13.2,15.9,,0.2,0.1,0.2,.187,,-0.1,-0.5,-0.6,0.0
42,43,Eric Bledsoe,SG,32,LAC,4,4,28.0,4.3,10.5,.405,0.5,3.3,.154,3.8,7.3,.517,.429,2.8,3.8,.733,1.8,2.5,4.3,4.8,2.3,0.8,2.8,2.8,11.8,112,15.0,.484,.310,.357,6.1,10.1,7.9,24.9,3.8,2.4,18.5,22.7,,0.0,0.2,0.2,.078,,-2.2,1.1,-1.1,0.0
43,44,Bogdan Bogdanovic,SG,29,ATL,4,4,27.3,3.8,9.0,.417,2.0,5.0,.400,1.8,4.0,.438,.528,1.0,1.0,1.000,0.5,2.3,2.8,2.0,0.5,0.3,0.5,2.0,10.5,109,12.3,.556,.556,.111,1.8,7.9,4.9,9.9,0.9,0.8,5.0,15.4,,0.2,0.1,0.3,.152,,-1.6,0.1,-1.5,0.0
44,45,Bojan Bogdanovic,SF,32,UTA,3,3,30.3,6.7,14.0,.476,1.7,5.3,.313,5.0,8.7,.577,.536,1.7,2.0,.833,1.0,2.7,3.7,1.0,1.0,0.0,1.3,1.0,16.7,91,16.3,.560,.381,.143,3.5,8.6,6.2,5.3,1.6,0.0,8.2,22.7,,0.1,0.1,0.3,.151,,-0.1,-1.7,-1.8,0.0
45,46,Bol Bol,PF,22,DEN,1,0,3.0,1.0,2.0,.500,0.0,0.0,,1.0,2.0,.500,.500,0.0,0.0,,0.0,1.0,1.0,0.0,0.0,0.0,0.0,0.0,2.0,3,17.9,.500,.000,.000,0.0,36.4,18.7,0.0,0.0,0.0,0.0,29.3,,0.0,0.0,0.0,.041,,3.2,-1.2,2.0,0.0
46,47,Leandro Bolmaro,SF,21,MIN,1,0,5.0,0.0,1.0,.000,0.0,0.0,,0.0,1.0,.000,.000,2.0,2.0,1.000,0.0,0.0,0.0,0.0,0.0,0.0,1.0,0.0,2.0,5,-0.6,.532,.000,2.000,0.0,0.0,0.0,0.0,0.0,0.0,34.7,23.7,,0.0,0.0,0.0,-0.143,,-11.8,-9.5,-21.3,0.0
47,48,Isaac Bonga,SF,22,TOR,3,0,2.3,0.3,0.3,1.000,0.0,0.0,,0.3,0.3,1.000,1.000,0.0,0.0,,0.3,0.3,0.7,0.7,0.3,0.0,0.0,0.3,0.7,7,34.0,1.000,.000,.000,13.8,15.9,14.8,43.5,7.0,0.0,0.0,5.8,,0.0,0.0,0.1,.478,,7.4,11.5,18.9,0.0
48,49,Devin Booker,SG,25,PHO,4,4,32.0,8.3,20.3,.407,2.0,6.0,.333,6.3,14.3,.439,.457,3.0,3.5,.857,1.5,3.3,4.8,5.0,1.0,0.0,1.8,2.8,21.5,128,17.9,.493,.296,.173,4.9,10.8,7.8,26.4,1.5,0.0,7.4,31.6,,0.1,0.0,0.1,.047,,1.0,-2.4,-1.4,0.0
49,50,Brandon Boston Jr,SG,20,LAC,1,0,9.0,1.0,3.0,.333,0.0,0.0,,1.0,3.0,.333,.333,1.0,2.0,.500,0.0,1.0,1.0,1.0,0.0,0.0,0.0,1.0,3.0,9,5.7,.387,.000,.667,0.0,12.5,5.8,15.4,0.0,0.0,0.0,18.4,,0.0,0.0,0.0,.004,,-9.9,-2.2,-12.2,0.0
50,51,Chris Boucher,C,29,TOR,5,0,13.6,2.0,6.8,.294,0.6,3.6,.167,1.4,3.2,.438,.338,0.6,0.8,.750,1.2,3.0,4.2,0.4,1.0,1.2,0.6,0.8,5.2,68,13.2,.364,.529,.118,8.5,24.6,16.0,4.5,3.6,8.3,7.7,23.3,,-0.1,0.2,0.1,.059,,-3.7,1.8,-1.9,0.0
51,52,James Bouknight,SG,21,CHO,2,0,1.0,0.0,0.0,,0.0,0.0,,0.0,0.0,,,0.0,0.0,,0.0,0.5,0.5,0.0,0.0,0.0,0.0,0.0,0.0,2,5.6,,,,0.0,56.2,27.3,0.0,0.0,0.0,,0.0,,0.0,0.0,0.0,.042,,-7.0,2.0,-5.0,0.0
52,53,Avery Bradley,SG,31,LAL,4,0,12.0,1.8,3.3,.538,1.3,2.3,.556,0.5,1.0,.500,.731,0.0,0.0,,0.5,0.0,0.5,0.3,0.0,0.0,0.3,1.3,4.8,48,11.1,.731,.692,.000,4.4,0.0,2.2,2.8,0.0,0.0,7.1,12.1,,0.1,0.0,0.1,.086,,-0.3,-3.2,-3.5,0.0
53,54,Tony Bradley,C,24,CHI,1,0,2.0,1.0,1.0,1.000,0.0,0.0,,1.0,1.0,1.000,1.000,0.0,0.0,,0.0,1.0,1.0,0.0,0.0,1.0,1.0,2.0,2.0,2,24.6,1.000,.000,.000,0.0,53.0,27.1,0.0,0.0,41.2,50.0,44.5,,0.0,0.0,0.0,-0.045,,-22.7,10.3,-12.4,0.0
54,55,Ignas Brazdeikis,SF,23,ORL,4,0,9.8,0.3,2.5,.100,0.0,1.8,.000,0.3,0.8,.333,.100,0.0,0.0,,0.3,1.0,1.3,0.8,0.3,0.0,0.3,1.0,0.5,39,-4.0,.100,.700,.000,3.0,10.8,7.1,10.6,1.2,0.0,9.1,12.2,,-0.2,0.0,-0.2,-0.214,,-10.1,-4.9,-15.0,-0.1
55,56,Mikal Bridges,SF,25,PHO,4,4,32.0,6.8,12.0,.563,2.3,4.8,.474,4.5,7.3,.621,.656,0.8,1.5,.500,0.8,3.5,4.3,1.3,1.0,1.0,1.3,2.3,16.5,128,17.3,.652,.396,.125,2.4,11.6,7.0,6.1,1.5,3.0,9.0,18.7,,0.2,0.0,0.3,.100,,1.5,-1.0,0.5,0.1
56,57,Miles Bridges,PF,23,CHO,5,5,35.2,9.6,18.2,.527,3.0,7.6,.395,6.6,10.6,.623,.610,4.0,4.4,.909,2.2,5.8,8.0,1.8,1.8,0.6,1.8,2.8,26.2,176,25.9,.651,.418,.242,6.6,18.5,12.4,7.9,2.4,1.7,8.2,25.5,,0.7,0.1,0.8,.229,,4.7,-0.5,4.2,0.3
57,58,Oshae Brissett,SF,23,IND,4,0,20.8,2.8,6.0,.458,1.0,3.3,.308,1.8,2.8,.636,.542,0.3,0.8,.333,0.8,3.8,4.5,0.8,0.3,0.0,1.8,1.8,6.8,83,6.6,.533,.542,.125,4.1,19.1,11.9,5.1,0.6,0.0,21.7,16.7,,-0.1,0.0,-0.1,-0.036,,-2.6,-1.6,-4.2,-0.1
58,59,Malcolm Brogdon,PG,29,IND,5,5,37.0,8.4,19.0,.442,1.6,5.6,.286,6.8,13.4,.507,.484,5.0,5.2,.962,1.4,5.6,7.0,7.0,0.6,0.8,3.4,2.2,23.4,185,20.4,.550,.295,.274,4.3,16.0,10.3,30.9,0.8,1.7,13.8,28.6,,0.4,0.1,0.5,.127,,3.7,-0.9,2.8,0.2
59,60,Armoni Brooks,SG,23,HOU,2,0,7.0,2.0,3.5,.571,1.0,2.5,.400,1.0,1.0,1.000,.714,1.0,1.0,1.000,0.0,0.0,0.0,0.5,0.0,0.0,0.0,0.5,6.0,14,28.0,.761,.714,.286,0.0,0.0,0.0,13.6,0.0,0.0,0.0,23.5,,0.1,0.0,0.1,.314,,7.4,-2.6,4.8,0.0
60,61,Bruce Brown,SF,25,BRK,4,2,24.0,3.5,6.8,.519,0.8,2.0,.375,2.8,4.8,.579,.574,0.8,1.0,.750,0.8,3.3,4.0,0.3,1.3,0.8,0.8,1.8,8.5,96,13.3,.591,.296,.148,3.2,13.0,8.3,1.6,2.5,2.5,9.4,14.6,,0.1,0.1,0.2,.095,,-1.8,0.7,-1.1,0.0
61,62,Greg Brown III,SF,20,POR,3,0,7.0,1.7,4.0,.417,0.0,1.0,.000,1.7,3.0,.556,.417,0.0,1.0,.000,1.0,2.3,3.3,1.0,0.3,0.3,0.7,1.0,3.3,21,14.4,.375,.250,.250,16.0,32.8,25.0,22.6,2.2,4.4,13.1,30.4,,-0.1,0.0,0.0,-0.016,,-4.8,0.6,-4.2,0.0
62,63,Jaylen Brown,SG,25,BOS,4,4,37.5,9.0,19.8,.456,3.0,8.0,.375,6.0,11.8,.511,.532,3.5,4.5,.778,0.8,5.8,6.5,2.5,1.5,0.5,3.8,3.3,24.5,150,16.0,.564,.405,.228,2.1,16.5,9.1,11.8,1.9,1.2,14.7,29.0,,0.0,0.1,0.1,.025,,-0.5,-3.3,-3.8,-0.1
63,64,Moses Brown,C,22,DAL,1,0,3.0,1.0,1.0,1.000,0.0,0.0,,1.0,1.0,1.000,1.000,1.0,2.0,.500,0.0,0.0,0.0,0.0,0.0,2.0,0.0,0.0,3.0,3,62.1,.798,.000,2.000,0.0,0.0,0.0,0.0,0.0,62.3,0.0,26.5,,0.0,0.0,0.0,.563,,10.5,17.9,28.4,0.0
64,65,Sterling Brown,SG,26,DAL,3,0,9.7,0.3,3.3,.100,0.3,3.0,.111,0.0,0.3,.000,.150,0.0,0.0,,0.7,2.3,3.0,0.3,0.0,0.0,1.0,1.3,1.0,29,-8.7,.150,.900,.000,6.1,24.7,14.7,4.6,0.0,0.0,23.1,19.0,,-0.2,0.0,-0.2,-0.285,,-13.4,-5.5,-18.9,-0.1
65,66,Troy Brown Jr,SF,22,CHI,4,0,12.0,1.8,4.0,.438,0.8,1.8,.429,1.0,2.3,.444,.531,0.3,0.5,.500,0.5,0.5,1.0,0.5,0.3,0.0,0.3,1.8,4.5,48,9.0,.533,.438,.125,4.6,4.4,4.5,6.2,1.0,0.0,5.6,16.6,,0.0,0.1,0.1,.098,,-2.8,-5.0,-7.8,-0.1
66,67,Jalen Brunson,PG,25,DAL,3,0,25.7,4.3,10.0,.433,1.7,3.7,.455,2.7,6.3,.421,.517,0.7,0.7,1.000,1.0,3.3,4.3,6.0,0.7,0.0,1.0,2.7,11.0,77,17.7,.534,.367,.067,3.5,13.3,8.0,38.4,1.3,0.0,8.9,18.6,,0.2,0.1,0.3,.168,,1.6,-0.4,1.1,0.1
67,68,Reggie Bullock,SF,30,DAL,3,0,16.7,2.3,6.0,.389,1.7,4.7,.357,0.7,1.3,.500,.528,0.3,0.7,.500,0.3,2.3,2.7,0.3,0.0,0.0,0.3,1.0,6.7,50,9.1,.530,.778,.111,1.8,14.3,7.6,3.1,0.0,0.0,5.0,16.8,,0.0,0.0,0.1,.052,,-1.5,-3.1,-4.6,0.0
68,69,Trey Burke,PG,29,DAL,2,0,6.5,1.0,2.0,.500,0.5,1.0,.500,0.5,1.0,.500,.625,0.0,0.0,,0.0,0.5,0.5,1.5,0.0,0.0,0.5,0.0,2.5,13,14.7,.625,.500,.000,0.0,7.9,3.7,37.0,0.0,0.0,20.0,16.3,,0.0,0.0,0.0,.112,,1.9,-2.7,-0.7,0.0
69,70,Alec Burks,SG,30,NYK,4,0,19.0,2.8,7.3,.379,1.8,5.0,.350,1.0,2.3,.444,.500,1.3,1.5,.833,0.0,3.0,3.0,2.5,0.8,0.3,0.3,0.8,8.5,76,16.7,.537,.690,.207,0.0,16.4,8.2,18.5,1.9,1.4,3.1,18.3,,0.2,0.1,0.3,.169,,-0.5,0.4,-0.1,0.0
70,71,Jared Butler,SG,21,UTA,3,0,4.3,0.0,2.0,.000,0.0,1.3,.000,0.0,0.7,.000,.000,0.0,0.0,,0.0,0.3,0.3,0.3,0.0,0.3,0.3,1.0,0.0,13,-19.4,.000,.667,.000,0.0,7.5,3.9,9.2,0.0,6.4,14.3,22.9,,-0.1,0.0,-0.1,-0.454,,-23.1,-5.3,-28.4,-0.1
71,72,Jimmy Butler,SF,32,MIA,4,4,34.8,8.5,17.8,.479,0.3,0.8,.333,8.3,17.0,.485,.486,6.0,7.0,.857,2.0,4.8,6.8,5.3,3.3,0.3,2.3,3.0,23.3,139,25.8,.558,.042,.394,5.9,13.5,9.8,25.5,4.5,0.8,9.7,27.9,,0.4,0.5,0.9,.312,,2.8,6.4,9.3,0.4
72,73,Kentavious Caldwell-Pope,SG,28,WAS,4,4,29.5,3.3,7.0,.464,1.8,4.3,.412,1.5,2.8,.545,.589,0.3,0.3,1.000,0.0,2.3,2.3,1.3,0.5,0.0,0.5,2.0,8.5,118,8.6,.598,.607,.036,0.0,7.6,4.0,6.0,0.8,0.0,6.6,11.2,,0.1,0.1,0.2,.086,,-1.6,-0.7,-2.3,0.0
73,74,Facundo Campazzo,PG,30,DEN,4,0,18.8,1.3,4.0,.313,0.3,2.0,.125,1.0,2.0,.500,.344,0.8,1.0,.750,0.3,2.5,2.8,3.0,1.3,0.3,1.0,1.8,3.5,75,8.9,.394,.500,.250,1.5,14.5,8.2,20.2,3.2,1.2,18.4,12.8,,0.0,0.1,0.1,.055,,-4.8,2.0,-2.7,0.0
74,75,Clint Capela,C,27,ATL,4,4,25.8,3.8,7.3,.517,0.0,0.0,,3.8,7.3,.517,.517,0.3,1.3,.200,3.8,8.0,11.8,0.5,0.8,2.0,1.0,2.3,7.8,103,17.6,.497,.000,.172,14.3,29.7,22.1,2.6,1.4,6.6,11.4,14.4,,0.1,0.3,0.4,.177,,-1.6,0.8,-0.8,0.0
75,76,Vernon Carey Jr,C,20,CHO,1,0,1.0,0.0,1.0,.000,0.0,0.0,,0.0,1.0,.000,.000,0.0,0.0,,0.0,1.0,1.0,0.0,0.0,0.0,0.0,0.0,0.0,1,-27.4,.000,.000,.000,0.0,100.0,54.6,0.0,0.0,0.0,0.0,41.0,,0.0,0.0,0.0,-0.872,,-28.8,-16.4,-45.2,0.0
76,77,Jevon Carter,PG,26,BRK,5,1,17.4,0.4,3.2,.125,0.4,2.2,.182,0.0,1.0,.000,.188,0.0,0.0,,0.2,1.6,1.8,1.0,0.4,0.4,0.2,1.6,1.2,87,0.1,.188,.688,.000,1.2,8.8,5.1,7.5,1.1,1.8,5.9,8.6,,-0.2,0.1,-0.1,-0.076,,-8.8,-0.8,-9.6,-0.2
77,78,Wendell Carter Jr,C,22,ORL,5,5,28.0,4.8,9.4,.511,1.2,3.6,.333,3.6,5.8,.621,.574,1.8,2.0,.900,2.0,7.4,9.4,1.8,0.8,1.2,1.2,2.6,12.6,140,19.7,.613,.383,.213,8.3,27.9,18.6,11.1,1.4,3.9,10.5,17.7,,0.3,0.1,0.4,.141,,2.1,-1.1,1.0,0.1
78,79,Alex Caruso,PG,27,CHI,4,0,27.5,2.5,5.0,.500,1.0,1.5,.667,1.5,3.5,.429,.600,2.0,2.3,.889,0.5,1.5,2.0,3.0,3.3,0.8,2.0,2.5,8.0,110,15.4,.668,.300,.450,2.0,5.8,3.9,14.9,5.7,2.2,25.0,12.9,,0.1,0.3,0.4,.183,,-1.2,2.3,1.1,0.1
79,80,Willie Cauley-Stein,C,28,DAL,3,0,7.0,0.3,1.3,.250,0.0,0.0,,0.3,1.3,.250,.250,0.0,0.0,,0.3,2.3,2.7,0.0,0.7,0.0,0.3,0.0,0.7,21,6.4,.250,.000,.000,4.2,34.0,18.1,0.0,4.6,0.0,20.0,10.1,,-0.1,0.1,0.0,-0.015,,-4.5,-0.7,-5.2,0.0
80,81,Justin Champagnie,SF,20,TOR,2,0,2.5,0.0,0.0,,0.0,0.0,,0.0,0.0,,,0.0,0.0,,0.0,0.5,0.5,0.0,0.0,0.0,0.0,0.0,0.0,5,2.3,,,,0.0,22.3,10.4,0.0,0.0,0.0,,0.0,,0.0,0.0,0.0,.056,,-7.2,-0.8,-8.0,0.0
81,82,Chris Chiozza,PG,26,GSW,1,0,5.0,0.0,2.0,.000,0.0,1.0,.000,0.0,1.0,.000,.000,0.0,0.0,,0.0,0.0,0.0,1.0,1.0,0.0,0.0,1.0,0.0,5,-2.1,.000,.500,.000,0.0,0.0,0.0,23.1,9.4,0.0,0.0,16.8,,0.0,0.0,0.0,-0.176,,-16.6,3.8,-12.8,0.0
82,83,Josh Christopher,SG,20,HOU,3,0,5.0,1.0,2.3,.429,0.3,0.7,.500,0.7,1.7,.400,.500,0.7,0.7,1.000,0.3,0.7,1.0,0.3,1.0,0.0,1.0,0.3,3.0,15,19.3,.571,.286,.286,7.3,13.7,10.6,10.9,9.3,0.0,27.6,30.3,,0.0,0.0,0.0,.054,,-3.2,3.8,0.6,0.0
83,84,Brandon Clarke,PF,25,MEM,4,0,15.3,2.3,4.0,.563,0.0,0.3,.000,2.3,3.8,.600,.563,0.3,1.0,.250,1.5,2.8,4.3,1.3,0.0,0.5,0.3,2.0,4.8,61,14.1,.535,.063,.250,10.2,19.5,14.7,10.7,0.0,2.9,5.3,12.3,,0.1,0.0,0.1,.076,,-1.3,-2.3,-3.6,0.0
84,85,Jordan Clarkson,SG,29,UTA,3,0,24.7,6.3,15.0,.422,2.3,9.0,.259,4.0,6.0,.667,.500,2.3,2.3,1.000,1.0,2.0,3.0,1.3,0.7,0.0,1.3,2.0,17.3,74,18.4,.541,.600,.156,4.4,7.9,6.2,9.3,1.3,0.0,7.7,29.9,,0.1,0.1,0.3,.165,,0.3,-2.2,-1.9,0.0
85,86,Nicolas Claxton,C,22,BRK,4,3,19.0,2.8,5.0,.550,0.0,0.0,,2.8,5.0,.550,.550,1.0,2.3,.444,0.8,4.8,5.5,0.8,0.0,1.0,0.8,1.3,6.5,76,12.7,.543,.000,.450,4.1,24.0,14.4,6.1,0.0,4.2,11.1,15.6,,0.0,0.1,0.1,.072,,-3.9,-0.9,-4.8,-0.1
86,87,Amir Coffey,SG,24,LAC,3,0,9.7,0.3,2.0,.167,0.3,1.7,.200,0.0,0.3,.000,.250,2.3,2.3,1.000,0.0,0.3,0.3,0.7,0.0,0.0,0.0,1.0,3.3,29,9.0,.551,.833,1.167,0.0,3.9,1.8,8.6,0.0,0.0,0.0,13.3,,0.1,0.0,0.1,.137,,-4.4,-2.4,-6.8,0.0
87,88,John Collins,PF,24,ATL,4,4,26.5,6.8,11.0,.614,0.8,2.5,.300,6.0,8.5,.706,.648,0.8,1.8,.429,3.0,7.0,10.0,2.5,1.3,1.0,1.8,4.0,15.0,106,25.5,.637,.227,.159,11.1,25.2,18.3,15.1,2.3,3.2,12.9,21.5,,0.3,0.3,0.6,.274,,1.6,3.3,4.9,0.2
88,89,Mike Conley,PG,34,UTA,3,3,29.0,5.0,11.0,.455,2.7,6.0,.444,2.3,5.0,.467,.576,1.3,1.3,1.000,0.0,1.3,1.3,4.0,2.0,0.3,2.0,2.0,14.0,87,17.4,.604,.545,.121,0.0,4.5,2.3,20.7,3.3,1.0,14.7,19.9,,0.2,0.2,0.4,.195,,0.3,1.5,1.8,0.1
89,90,Pat Connaughton,SG,29,MIL,5,3,31.4,4.6,9.6,.479,2.4,6.6,.364,2.2,3.0,.733,.604,0.6,0.8,.750,0.6,4.0,4.6,1.6,0.8,0.2,0.6,1.4,12.2,157,13.5,.613,.688,.083,2.0,13.6,7.7,7.2,1.2,0.6,5.7,14.1,,0.3,0.0,0.3,.097,,0.9,-2.6,-1.8,0.0
90,91,Sharife Cooper,PG,20,ATL,2,0,3.5,0.0,1.5,.000,0.0,1.0,.000,0.0,0.5,.000,.000,0.0,0.0,,0.0,0.0,0.0,1.0,0.0,0.0,0.5,0.0,0.0,7,-15.3,.000,.667,.000,0.0,0.0,0.0,32.5,0.0,0.0,25.0,24.1,,-0.1,0.0,-0.1,-0.466,,-15.6,-9.6,-25.3,0.0
91,92,Petr Cornelie,PF,26,DEN,1,0,3.0,0.0,0.0,,0.0,0.0,,0.0,0.0,,,0.0,0.0,,0.0,0.0,0.0,0.0,0.0,0.0,0.0,0.0,0.0,3,0.0,,,,0.0,0.0,0.0,0.0,0.0,0.0,,0.0,,0.0,0.0,0.0,.017,,-7.9,-1.3,-9.2,0.0
92,93,Robert Covington,PF,31,POR,4,4,27.0,1.5,5.0,.300,1.3,4.3,.294,0.3,0.8,.333,.425,0.0,0.0,,0.3,4.8,5.0,0.3,1.0,1.0,1.3,1.8,4.3,108,4.2,.425,.850,.000,1.0,17.3,9.7,1.1,1.7,3.4,20.0,9.6,,-0.2,0.1,0.0,-0.003,,-5.5,-0.1,-5.5,-0.1
93,94,Torrey Craig,SF,31,IND,5,0,13.8,1.0,3.0,.333,0.6,2.4,.250,0.4,0.6,.667,.433,0.4,0.4,1.000,1.0,1.4,2.4,1.2,0.2,0.4,0.4,1.6,3.0,69,9.0,.472,.800,.133,8.2,10.7,9.5,11.3,0.7,2.3,11.2,11.1,,0.1,0.0,0.1,.058,,-0.6,-0.6,-1.2,0.0
94,95,Jae Crowder,PF,31,PHO,4,4,28.8,2.8,8.5,.324,1.0,5.5,.182,1.8,3.0,.583,.382,1.5,1.8,.857,0.5,4.5,5.0,1.3,1.0,0.3,1.0,2.3,8.0,115,6.5,.431,.647,.206,1.8,16.6,9.1,5.8,1.7,0.8,9.7,15.3,,-0.1,0.0,-0.1,-0.034,,-5.2,-1.8,-6.9,-0.1
95,96,Jarrett Culver,SG,22,MEM,1,0,6.0,0.0,2.0,.000,0.0,2.0,.000,0.0,0.0,,.000,1.0,2.0,.500,0.0,1.0,1.0,0.0,0.0,0.0,0.0,0.0,1.0,6,-7.3,.174,1.000,1.000,0.0,18.0,8.8,0.0,0.0,0.0,0.0,19.2,,0.0,0.0,0.0,-0.291,,-12.3,-7.4,-19.6,0.0
96,97,Seth Curry,SG,31,PHI,4,4,31.8,6.0,9.5,.632,3.3,5.3,.619,2.8,4.3,.647,.803,1.0,1.5,.667,0.5,2.3,2.8,1.5,0.5,0.5,1.3,1.0,16.3,127,19.8,.800,.553,.158,1.7,7.8,4.8,7.1,0.8,1.4,11.0,16.2,,0.5,0.0,0.5,.172,,3.6,-3.9,-0.3,0.1
97,98,Stephen Curry,PG,33,GSW,4,4,35.3,9.0,20.8,.434,4.5,11.3,.400,4.5,9.5,.474,.542,6.5,6.8,.963,0.8,7.5,8.3,6.3,1.8,0.5,4.3,1.3,29.0,141,25.6,.611,.542,.325,2.3,22.2,12.3,29.1,2.3,1.4,15.2,33.3,,0.4,0.2,0.6,.209,,5.5,-0.2,5.2,0.3
98,99,Anthony Davis,PF,28,LAL,5,5,38.0,11.2,22.4,.500,0.4,2.8,.143,10.8,19.6,.551,.509,5.6,7.6,.737,4.2,7.4,11.6,2.6,0.6,2.4,1.8,1.4,28.4,190,26.2,.552,.125,.339,11.7,20.0,15.9,11.3,0.7,5.3,6.5,30.1,,0.6,0.1,0.7,.170,,3.1,-1.7,1.4,0.2
99,100,Ed Davis,C,32,CLE,1,0,1.0,0.0,0.0,,0.0,0.0,,0.0,0.0,,,0.0,0.0,,0.0,0.0,0.0,0.0,0.0,0.0,0.0,0.0,0.0,1,0.0,,,,0.0,0.0,0.0,0.0,0.0,0.0,,0.0,,0.0,0.0,0.0,.011,,-4.1,0.7,-3.4,0.0
100,101,Terence Davis,SG,24,SAC,4,1,14.0,1.3,6.8,.185,0.5,4.5,.111,0.8,2.3,.333,.222,0.0,0.0,,0.3,1.3,1.5,1.5,0.8,0.0,0.5,2.5,3.0,56,-3.2,.222,.667,.000,1.8,9.0,5.4,13.9,2.5,0.0,6.9,21.5,,-0.3,0.0,-0.3,-0.228,,-12.1,-3.2,-15.3,-0.2
101,102,Gabriel Deck,PF,26,OKC,2,0,6.0,0.5,2.0,.250,0.0,0.5,.000,0.5,1.5,.333,.250,0.0,0.0,,0.0,0.5,0.5,0.5,0.0,0.0,0.0,0.0,1.0,12,0.5,.250,.250,.000,0.0,9.2,4.4,12.0,0.0,0.0,0.0,14.4,,0.0,0.0,0.0,-0.159,,-8.1,-5.5,-13.6,0.0
102,103,Dewayne Dedmon,C,32,MIA,4,0,15.8,3.0,4.5,.667,0.3,0.3,1.000,2.8,4.3,.647,.694,1.0,1.0,1.000,3.0,4.3,7.3,0.5,0.8,0.3,1.3,2.3,7.3,63,23.7,.734,.056,.222,19.5,26.7,23.2,4.9,2.3,1.7,20.2,16.5,,0.2,0.2,0.4,.324,,1.0,2.2,3.2,0.1
103,104,Sam Dekker,F,27,TOR,1,0,1.0,0.0,0.0,,0.0,0.0,,0.0,0.0,,,0.0,0.0,,0.0,0.0,0.0,0.0,0.0,0.0,0.0,0.0,0.0,1,0.0,,,,0.0,0.0,0.0,0.0,0.0,0.0,,0.0,,0.0,0.0,0.0,.024,,-8.6,-2.7,-11.3,0.0
104,105,DeMar DeRozan,PF,32,CHI,4,4,34.8,7.8,18.5,.419,0.8,2.0,.375,7.0,16.5,.424,.439,6.3,7.5,.833,0.8,5.0,5.8,4.5,0.8,0.5,1.5,2.0,22.5,139,19.1,.516,.108,.405,2.4,15.3,9.0,21.6,1.0,1.2,6.4,29.8,,0.2,0.2,0.5,.161,,1.5,-3.7,-2.2,0.0
105,106,Hamidou Diallo,SG,23,DET,3,0,13.3,1.7,4.0,.417,0.0,1.3,.000,1.7,2.7,.625,.417,1.3,1.3,1.000,0.0,0.7,0.7,1.0,0.7,0.3,0.3,1.3,4.7,40,11.5,.509,.333,.333,0.0,5.8,2.6,11.7,2.4,2.0,6.8,15.5,,0.0,0.1,0.1,.101,,-5.9,2.8,-3.1,0.0
106,107,Gorgui Dieng,C,32,ATL,4,0,14.8,2.0,3.8,.533,0.8,1.5,.500,1.3,2.3,.556,.633,0.8,1.0,.750,2.0,5.8,7.8,1.3,0.3,0.5,1.0,2.0,5.5,59,20.4,.656,.400,.267,13.3,37.2,25.4,11.4,0.8,2.9,19.3,14.8,,0.2,0.2,0.3,.252,,0.2,1.1,1.3,0.0
107,108,Spencer Dinwiddie,SG,28,WAS,4,4,29.0,7.0,15.8,.444,2.5,5.0,.500,4.5,10.8,.419,.524,3.3,3.3,1.000,0.8,3.8,4.5,6.0,0.3,0.3,1.5,2.3,19.8,116,23.6,.575,.317,.206,2.9,12.9,8.1,35.9,0.4,0.7,8.0,27.9,,0.4,0.1,0.5,.223,,5.6,-1.4,4.2,0.2
108,109,Luka Doncic,PG,22,DAL,3,3,36.3,9.0,22.0,.409,1.7,7.7,.217,7.3,14.3,.512,.447,4.0,4.7,.857,0.7,10.7,11.3,8.7,1.0,0.7,4.7,2.3,23.7,109,19.1,.492,.348,.212,1.6,30.0,14.8,45.0,1.3,1.7,16.2,33.4,,0.0,0.2,0.2,.069,,1.6,-0.3,1.3,0.1
109,110,Luguentz Dort,SG,22,OKC,5,5,32.4,3.8,11.0,.345,1.0,5.0,.200,2.8,6.0,.467,.391,2.6,3.2,.813,1.0,3.2,4.2,2.4,1.2,0.2,1.8,2.4,11.2,162,8.4,.451,.455,.291,3.1,10.9,6.8,11.2,1.8,0.6,12.7,18.9,,-0.1,0.0,-0.1,-0.039,,-5.8,-2.4,-8.2,-0.3
110,111,Ayo Dosunmu,SG,22,CHI,3,0,8.3,1.3,4.0,.333,0.3,1.0,.333,1.0,3.0,.333,.375,0.0,0.0,,0.0,1.3,1.3,1.3,0.3,0.7,0.3,0.3,3.0,25,11.7,.375,.250,.000,0.0,17.0,8.7,24.1,1.9,6.6,7.7,23.1,,-0.1,0.1,0.0,.014,,-0.4,-0.7,-1.1,0.0
111,112,PJ Dozier,SG,25,DEN,4,0,17.3,2.0,4.3,.471,1.0,2.0,.500,1.0,2.3,.444,.588,0.3,0.8,.333,0.5,2.0,2.5,1.3,0.5,0.0,0.5,1.8,5.3,69,10.6,.573,.471,.176,3.3,12.6,8.1,9.7,1.4,0.0,9.8,13.0,,0.1,0.1,0.2,.108,,-2.1,-0.7,-2.8,0.0
112,113,Goran Dragic,PG,35,TOR,4,1,15.5,1.8,5.5,.318,0.5,2.3,.222,1.3,3.3,.385,.364,2.0,2.0,1.000,0.3,2.3,2.5,1.5,0.5,0.3,0.3,1.5,6.0,62,12.6,.470,.409,.364,1.6,16.2,8.4,14.1,1.6,1.5,3.8,17.5,,0.1,0.1,0.2,.154,,-3.9,1.7,-2.1,0.0
113,114,Andre Drummond,C,28,PHI,3,0,17.3,2.0,4.0,.500,0.0,0.3,.000,2.0,3.7,.545,.500,1.3,1.7,.800,3.3,8.7,12.0,2.3,1.7,1.3,2.3,2.3,5.3,52,25.7,.563,.083,.417,21.3,55.2,38.3,18.2,4.8,6.8,33.0,18.4,,0.1,0.2,0.2,.217,,-0.1,2.3,2.2,0.1
114,115,Chris Duarte,SG,24,IND,5,5,37.0,6.8,16.6,.410,3.0,7.2,.417,3.8,9.4,.404,.500,2.0,2.0,1.000,0.2,4.4,4.6,1.8,0.8,0.0,1.2,2.2,18.6,185,12.4,.532,.434,.120,0.6,12.6,6.8,7.4,1.0,0.0,6.4,21.6,,0.2,0.0,0.2,.051,,0.1,-2.0,-1.9,0.0
115,116,Kevin Durant,PF,33,BRK,5,5,35.0,11.4,20.8,.548,1.8,5.0,.360,9.6,15.8,.608,.591,5.2,6.6,.788,0.8,9.2,10.0,5.0,1.0,1.0,2.4,1.0,29.8,175,30.9,.629,.240,.317,2.4,25.2,14.2,30.9,1.4,2.3,9.2,32.8,,0.7,0.2,0.9,.259,,8.1,1.8,9.9,0.5
116,117,Anthony Edwards,SG,20,MIN,4,4,35.5,9.3,22.5,.411,3.8,10.3,.366,5.5,12.3,.449,.494,3.0,3.5,.857,1.8,6.0,7.8,3.5,1.0,0.3,2.5,2.5,25.3,142,18.1,.525,.456,.156,5.0,16.5,10.8,18.0,1.3,0.7,9.4,30.7,,0.2,0.2,0.4,.131,,2.1,-2.7,-0.6,0.0
117,118,CJ Elleby,SF,21,POR,3,0,7.3,0.3,2.0,.167,0.0,0.7,.000,0.3,1.3,.250,.167,0.0,0.0,,0.0,2.0,2.0,0.3,0.0,0.0,0.7,1.0,0.7,22,-7.1,.167,.333,.000,0.0,26.9,14.3,5.5,0.0,0.0,25.0,15.2,,-0.1,0.0,-0.1,-0.225,,-14.9,-3.7,-18.6,-0.1
118,119,Joel Embiid,C,27,PHI,4,4,29.8,6.0,13.5,.444,1.5,3.8,.400,4.5,9.8,.462,.500,5.8,7.3,.793,1.3,6.0,7.3,4.5,1.3,2.3,2.3,2.5,19.3,119,26.5,.577,.278,.537,4.7,22.3,13.5,23.2,2.1,6.7,11.9,28.7,,0.4,0.2,0.5,.213,,3.0,0.2,3.2,0.2
119,120,Drew Eubanks,C,24,SAS,4,0,12.8,1.8,3.0,.583,0.0,0.3,.000,1.8,2.8,.636,.583,0.3,0.3,1.000,1.3,3.3,4.5,1.8,0.5,0.5,1.8,1.8,3.8,51,13.3,.603,.083,.083,10.0,29.5,19.1,17.1,1.8,3.3,36.0,15.9,,0.0,0.1,0.1,.064,,-4.7,1.8,-2.9,0.0
120,121,Tacko Fall,C,26,CLE,1,0,2.0,0.0,1.0,.000,0.0,0.0,,0.0,1.0,.000,.000,0.0,0.0,,1.0,1.0,2.0,0.0,0.0,0.0,1.0,0.0,0.0,2,-20.1,.000,.000,.000,53.1,49.6,51.3,0.0,0.0,0.0,50.0,43.2,,0.0,0.0,0.0,-0.843,,-26.5,-18.8,-45.3,0.0
121,122,Derrick Favors,C,30,OKC,4,3,18.8,3.3,6.8,.481,0.0,0.0,,3.3,6.8,.481,.481,0.3,0.5,.500,2.3,4.0,6.3,0.5,0.3,0.3,0.5,1.8,6.8,75,13.6,.484,.000,.074,12.2,23.5,17.6,4.4,0.6,1.3,6.7,17.2,,0.1,0.0,0.1,.039,,-3.2,-3.9,-7.1,-0.1
122,123,Dorian Finney-Smith,PF,28,DAL,3,3,32.3,3.0,9.3,.321,0.7,4.7,.143,2.3,4.7,.500,.357,0.7,0.7,1.000,4.0,3.3,7.3,1.7,1.0,1.0,1.0,3.0,7.3,97,9.3,.381,.500,.071,11.0,10.5,10.8,7.5,1.5,2.9,9.4,13.9,,0.0,0.1,0.1,.040,,-2.9,-1.8,-4.8,-0.1
123,124,Malik Fitts,PF,24,UTA,1,0,2.0,0.0,0.0,,0.0,0.0,,0.0,0.0,,,0.0,0.0,,0.0,1.0,1.0,0.0,0.0,0.0,0.0,0.0,0.0,2,5.8,,,,0.0,48.6,25.5,0.0,0.0,0.0,,0.0,,0.0,0.0,0.0,.128,,-5.2,1.6,-3.6,0.0
124,125,Malachi Flynn,PG,23,TOR,2,0,2.5,0.0,1.0,.000,0.0,0.0,,0.0,1.0,.000,.000,0.0,0.0,,0.0,0.5,0.5,0.5,0.5,0.0,0.0,0.0,0.0,5,3.2,.000,.000,.000,0.0,22.3,10.4,25.0,9.8,0.0,0.0,16.3,,0.0,0.0,0.0,-0.100,,-13.0,7.7,-5.3,0.0
125,126,Bryn Forbes,SG,28,SAS,4,0,8.5,0.3,3.0,.083,0.3,2.5,.100,0.0,0.5,.000,.125,0.0,0.0,,0.0,0.8,0.8,0.3,0.0,0.0,0.5,0.5,0.8,34,-10.8,.125,.833,.000,0.0,10.2,4.8,3.2,0.0,0.0,14.3,17.2,,-0.2,0.0,-0.2,-0.302,,-14.3,-6.6,-20.9,-0.2
126,127,Trent Forrest,PG,23,UTA,1,0,7.0,1.0,1.0,1.000,0.0,0.0,,1.0,1.0,1.000,1.000,0.0,0.0,,0.0,0.0,0.0,2.0,0.0,0.0,0.0,0.0,2.0,7,21.4,1.000,.000,.000,0.0,0.0,0.0,41.0,0.0,0.0,0.0,6.1,,0.0,0.0,0.1,.344,,2.9,0.5,3.4,0.0
127,128,Evan Fournier,SG,29,NYK,4,4,32.5,6.8,14.5,.466,4.0,8.8,.457,2.8,5.8,.478,.603,1.5,2.0,.750,0.3,3.5,3.8,2.8,1.5,0.5,1.3,2.5,19.0,130,19.0,.618,.603,.138,0.8,11.2,6.0,13.0,2.2,1.7,7.5,21.8,,0.3,0.2,0.5,.176,,0.8,-0.1,0.8,0.1
128,129,De'Aaron Fox,PG,24,SAC,4,4,35.5,7.3,19.3,.377,1.0,6.0,.167,6.3,13.3,.472,.403,3.0,5.5,.545,1.3,2.5,3.8,7.0,1.5,0.3,4.3,3.3,18.5,142,10.0,.427,.312,.286,3.6,7.1,5.3,30.1,2.0,0.6,16.4,30.3,,-0.3,0.0,-0.3,-0.089,,-4.2,-3.4,-7.6,-0.2
129,130,Daniel Gafford,C,23,WAS,4,4,17.5,3.0,4.3,.706,0.0,0.0,,3.0,4.3,.706,.706,2.0,2.8,.727,1.8,2.3,4.0,0.3,0.8,2.0,1.0,2.0,8.0,70,23.7,.733,.000,.647,11.1,12.8,12.0,2.2,2.1,9.3,15.5,16.0,,0.2,0.1,0.4,.255,,1.0,2.5,3.5,0.1
130,131,Danilo Gallinari,PF,33,ATL,1,0,20.0,3.0,8.0,.375,1.0,4.0,.250,2.0,4.0,.500,.438,2.0,4.0,.500,2.0,5.0,7.0,0.0,1.0,0.0,0.0,1.0,9.0,20,16.1,.461,.500,.500,9.8,23.9,16.9,0.0,2.5,0.0,0.0,20.6,,0.0,0.0,0.1,.165,,1.1,-0.6,0.5,0.0
131,132,Darius Garland,PG,22,CLE,3,3,30.3,4.7,10.7,.438,2.0,5.3,.375,2.7,5.3,.500,.531,1.3,1.3,1.000,0.3,2.3,2.7,8.3,0.7,0.0,3.7,1.0,12.7,91,14.3,.563,.500,.125,1.2,7.6,4.5,40.9,1.1,0.0,24.6,21.3,,0.1,0.1,0.1,.071,,0.7,-1.5,-0.8,0.0
132,133,Marcus Garrett,SG,23,MIA,2,0,3.5,0.0,0.5,.000,0.0,0.0,,0.0,0.5,.000,.000,0.0,0.0,,0.0,0.0,0.0,1.0,0.0,0.0,0.0,0.5,0.0,7,1.5,.000,.000,.000,0.0,0.0,0.0,34.1,0.0,0.0,0.0,6.0,,0.0,0.0,0.0,.062,,-6.5,0.6,-5.9,0.0
133,134,Usman Garuba,PF,19,HOU,2,0,7.0,1.0,2.0,.500,0.0,0.5,.000,1.0,1.5,.667,.500,0.0,0.0,,0.5,1.0,1.5,0.5,0.5,1.5,0.5,0.5,2.0,14,19.4,.500,.250,.000,7.8,14.7,11.4,10.7,3.3,22.1,20.0,14.9,,0.0,0.0,0.0,.122,,-1.8,4.4,2.6,0.0
134,135,Luka Garza,C,23,DET,2,0,9.5,1.0,2.0,.500,0.0,1.0,.000,1.0,1.0,1.000,.500,0.5,1.0,.500,0.5,1.5,2.0,0.5,1.0,0.5,0.5,2.5,2.5,19,12.1,.512,.500,.500,5.1,18.2,11.0,8.0,5.0,4.2,17.0,13.0,,0.0,0.1,0.0,.118,,-7.9,3.9,-4.1,0.0
135,136,Paul George,SF,31,LAC,4,4,33.0,9.8,21.0,.464,3.0,9.8,.308,6.8,11.3,.600,.536,1.5,1.5,1.000,0.3,7.5,7.8,4.0,4.0,0.3,3.3,3.0,24.0,132,22.7,.554,.464,.071,0.7,25.7,12.3,22.5,5.7,0.7,13.0,32.1,,0.0,0.4,0.4,.136,,3.6,3.3,6.9,0.3
136,137,Taj Gibson,PF,36,NYK,2,0,15.5,1.0,3.0,.333,0.0,1.0,.000,1.0,2.0,.500,.333,0.0,0.0,,1.0,2.5,3.5,1.0,0.0,0.5,0.5,2.5,2.0,31,3.7,.333,.333,.000,6.7,16.8,11.7,8.1,0.0,3.5,14.3,9.6,,0.0,0.0,0.0,.010,,-9.4,-1.3,-10.7,-0.1
137,138,Josh Giddey,PG,19,OKC,5,5,28.2,4.4,9.8,.449,1.0,2.6,.385,3.4,7.2,.472,.500,1.0,1.6,.625,1.2,5.0,6.2,5.6,1.4,0.4,2.0,1.8,10.8,141,16.8,.514,.265,.163,4.3,19.5,11.6,31.9,2.4,1.4,16.0,19.1,,0.1,0.1,0.2,.070,,-1.3,0.1,-1.3,0.0
138,139,Shai Gilgeous-Alexander,PG,23,OKC,5,5,34.2,8.0,17.8,.449,2.4,7.0,.343,5.6,10.8,.519,.517,5.0,6.4,.781,0.6,4.2,4.8,4.2,0.4,0.2,2.2,2.4,23.4,171,19.5,.568,.393,.360,1.8,13.5,7.4,22.5,0.6,0.6,9.6,28.8,,0.4,0.0,0.3,.093,,1.8,-2.7,-0.9,0.0
139,140,Rudy Gobert,C,29,UTA,3,3,31.7,5.7,8.0,.708,0.0,0.0,,5.7,8.0,.708,.708,7.3,10.7,.688,4.7,14.3,19.0,0.7,0.7,0.7,3.0,3.0,18.7,95,28.0,.735,.000,1.333,15.8,44.0,30.6,3.2,1.0,1.7,19.1,21.1,,0.4,0.3,0.7,.350,,2.4,-0.3,2.1,0.1
140,141,Aaron Gordon,PF,26,DEN,4,4,30.3,5.5,9.8,.564,0.5,2.5,.200,5.0,7.3,.690,.590,1.5,2.5,.600,2.0,5.3,7.3,1.8,0.3,0.5,3.3,3.5,13.0,121,12.0,.599,.256,.256,7.6,18.9,13.4,8.5,0.4,1.5,23.0,20.5,,0.0,0.1,0.1,.057,,-3.2,-1.7,-4.9,-0.1
141,142,Eric Gordon,SG,33,HOU,4,0,25.8,5.3,9.8,.538,2.5,4.5,.556,2.8,5.3,.524,.667,2.3,2.8,.818,0.0,1.8,1.8,1.3,1.0,0.3,1.3,0.5,15.3,103,19.0,.696,.462,.282,0.0,7.0,3.6,8.0,1.8,1.0,10.2,19.8,,0.3,0.1,0.4,.166,,1.8,-1.3,0.5,0.1
142,143,Devonte' Graham,PG,26,NOP,5,5,32.8,6.2,14.0,.443,3.4,8.6,.395,2.8,5.4,.519,.564,2.6,3.4,.765,0.6,3.0,3.6,5.2,1.0,0.2,2.6,1.4,18.4,164,18.0,.594,.614,.243,1.8,8.8,5.4,26.1,1.5,0.5,14.4,23.1,,0.4,0.1,0.4,.129,,2.0,-0.8,1.2,0.1
143,144,Jerami Grant,SF,27,DET,2,2,32.0,6.0,16.5,.364,1.5,4.0,.375,4.5,12.5,.360,.409,3.0,3.5,.857,2.5,3.0,5.5,1.5,1.5,2.5,2.5,2.5,16.5,64,14.5,.457,.242,.212,7.5,10.8,9.0,8.1,2.2,6.3,12.2,26.9,,-0.1,0.1,0.0,.027,,-2.2,3.2,1.0,0.0
144,145,Danny Green,SF,34,PHI,4,4,23.3,2.5,5.3,.476,2.3,5.0,.450,0.3,0.3,1.000,.690,0.0,0.0,,0.3,2.5,2.8,0.0,0.8,0.5,0.5,2.3,7.3,93,10.8,.690,.952,.000,1.2,11.9,6.5,0.0,1.6,1.9,8.7,11.1,,0.1,0.0,0.2,.082,,-1.1,-2.5,-3.6,0.0
145,146,Draymond Green,PF,31,GSW,4,4,32.5,3.8,6.5,.577,0.5,0.8,.667,3.3,5.8,.565,.615,1.5,4.3,.353,1.5,5.8,7.3,6.8,1.3,0.3,2.8,3.0,9.5,130,13.6,.568,.115,.654,4.9,18.5,11.7,27.7,1.8,0.7,24.7,14.4,,0.1,0.2,0.3,.114,,-1.6,0.7,-0.8,0.0
146,147,Jalen Green,SG,19,HOU,4,4,32.5,5.8,14.8,.390,3.0,7.5,.400,2.8,7.3,.379,.492,0.0,0.0,,0.3,3.8,4.0,2.5,1.0,0.8,1.8,1.3,14.5,130,10.6,.492,.508,.000,0.8,11.8,6.5,12.1,1.4,2.4,10.6,21.2,,-0.1,0.1,0.0,.018,,-1.8,-2.6,-4.4,-0.1
147,148,JaMychal Green,PF,31,DEN,4,0,14.0,1.5,3.8,.400,0.5,2.5,.200,1.0,1.3,.800,.467,0.0,0.0,,0.3,1.8,2.0,0.5,1.8,0.0,2.3,2.8,3.5,56,2.6,.467,.667,.000,2.1,13.6,8.0,4.7,6.0,0.0,37.5,18.9,,-0.2,0.1,-0.1,-0.093,,-10.2,1.4,-8.8,-0.1
148,149,Javonte Green,SG,28,CHI,4,0,15.8,1.8,2.8,.636,0.5,1.0,.500,1.3,1.8,.714,.727,1.5,1.5,1.000,0.3,2.5,2.8,0.8,0.3,0.5,0.3,1.5,5.5,63,16.0,.806,.364,.545,1.8,16.8,9.5,6.7,0.8,2.6,6.8,10.3,,0.2,0.1,0.3,.249,,0.6,-2.1,-1.5,0.0
149,150,Jeff Green,C,35,DEN,4,0,19.0,2.3,6.0,.375,0.8,3.3,.231,1.5,2.8,.545,.438,1.8,2.3,.778,0.0,1.3,1.3,1.0,0.0,0.3,1.0,2.3,7.0,76,5.9,.501,.542,.375,0.0,7.2,3.7,7.1,0.0,1.2,12.5,18.5,,0.0,0.1,0.0,.011,,-5.1,-2.8,-7.9,-0.1
150,151,Josh Green,SG,21,DAL,2,0,4.0,0.5,1.0,.500,0.0,0.0,,0.5,1.0,.500,.500,0.0,0.0,,0.0,0.0,0.0,0.0,0.0,0.0,0.0,0.5,1.0,8,3.2,.500,.000,.000,0.0,0.0,0.0,0.0,0.0,0.0,0.0,10.6,,0.0,0.0,0.0,.012,,-6.5,-2.8,-9.3,0.0
151,152,Blake Griffin,PF,32,BRK,4,4,20.0,1.5,6.0,.250,0.3,2.8,.091,1.3,3.3,.385,.271,1.3,1.5,.833,0.8,4.5,5.3,0.5,0.5,0.3,0.3,1.8,4.5,80,4.9,.338,.458,.250,3.9,21.6,13.0,3.5,1.2,1.0,3.6,15.2,,-0.1,0.1,-0.1,-0.037,,-7.3,-1.8,-9.1,-0.1
152,153,Quentin Grimes,SG,21,NYK,2,0,2.5,0.5,1.0,.500,0.5,1.0,.500,0.0,0.0,,.750,0.0,0.0,,0.0,0.0,0.0,0.0,0.0,0.0,0.0,0.0,1.5,5,17.8,.750,1.000,.000,0.0,0.0,0.0,0.0,0.0,0.0,0.0,17.0,,0.0,0.0,0.0,.156,,3.6,-3.4,0.2,0.0
153,154,Tyrese Haliburton,PG,21,SAC,4,4,32.0,4.3,9.3,.459,1.0,3.5,.286,3.3,5.8,.565,.514,0.5,0.5,1.000,0.3,3.3,3.5,5.5,1.5,1.0,1.5,1.3,10.0,128,14.1,.528,.378,.054,0.8,10.2,5.5,23.7,2.2,2.5,13.7,14.2,,0.1,0.1,0.2,.075,,-0.5,0.5,0.1,0.1
154,155,RJ Hampton,SG,20,ORL,5,0,19.6,2.4,7.2,.333,1.2,2.8,.429,1.2,4.4,.273,.417,0.6,1.2,.500,0.2,3.6,3.8,2.2,0.4,0.2,1.4,2.0,6.6,98,6.3,.427,.389,.167,1.2,19.4,10.7,17.9,1.0,0.9,15.3,20.1,,-0.2,0.0,-0.2,-0.079,,-4.2,-3.0,-7.2,-0.1
155,156,Tim Hardaway Jr,SG,29,DAL,3,3,32.3,6.3,12.3,.514,3.7,8.0,.458,2.7,4.3,.615,.662,2.0,2.7,.750,0.7,1.7,2.3,0.7,1.3,0.0,0.3,2.0,18.3,97,19.2,.679,.649,.216,1.8,5.3,3.4,3.5,2.0,0.0,2.4,18.1,,0.3,0.1,0.4,.202,,3.9,-0.6,3.4,0.1
156,157,James Harden,PG,32,BRK,5,5,33.6,5.6,15.6,.359,2.6,7.8,.333,3.0,7.8,.385,.442,2.8,3.0,.933,1.4,5.6,7.0,8.0,1.2,1.0,4.6,2.4,16.6,168,15.1,.491,.500,.192,4.3,16.0,10.4,38.4,1.7,2.4,21.4,28.2,,-0.1,0.2,0.1,.018,,-0.1,-1.3,-1.4,0.0
157,158,Maurice Harkless,SF,28,SAC,3,3,23.0,2.0,4.7,.429,0.7,2.7,.250,1.3,2.0,.667,.500,1.0,1.0,1.000,0.3,2.3,2.7,0.7,0.3,0.7,1.0,2.0,5.7,69,6.6,.555,.571,.214,1.5,10.2,5.8,3.8,0.7,2.3,16.4,11.0,,0.0,0.0,0.0,.004,,-4.6,-1.5,-6.1,-0.1
158,159,Montrezl Harrell,C,28,WAS,4,0,30.0,6.8,10.0,.675,0.0,0.0,,6.8,10.0,.675,.675,4.3,6.0,.708,2.0,6.5,8.5,1.3,0.3,1.3,0.8,1.8,17.8,120,26.0,.702,.000,.600,7.4,21.6,14.8,7.0,0.4,3.4,5.6,19.4,,0.6,0.2,0.7,.294,,4.5,-0.1,4.3,0.2
159,160,Gary Harris,SG,27,ORL,2,0,21.0,2.0,4.5,.444,0.5,2.5,.200,1.5,2.0,.750,.500,0.5,0.5,1.000,0.0,0.0,0.0,2.0,0.5,0.0,3.0,2.0,5.0,42,0.7,.530,.556,.111,0.0,0.0,0.0,14.5,1.2,0.0,38.9,15.8,,-0.1,0.0,-0.1,-0.159,,-7.2,-3.9,-11.1,-0.1
160,161,Joe Harris,SF,30,BRK,5,5,31.0,3.8,11.2,.339,3.0,8.0,.375,0.8,3.2,.250,.473,0.6,0.8,.750,0.6,3.8,4.4,1.0,0.4,0.2,1.8,3.0,11.2,155,5.6,.485,.714,.071,2.0,11.8,7.1,4.9,0.6,0.5,13.5,18.9,,-0.2,0.1,-0.1,-0.041,,-4.7,-2.6,-7.3,-0.2
161,162,Tobias Harris,PF,29,PHI,4,4,32.8,8.8,17.0,.515,1.3,4.0,.313,7.5,13.0,.577,.551,1.3,1.5,.833,1.8,7.5,9.3,5.0,0.3,0.0,1.5,0.8,20.0,131,23.6,.566,.235,.088,5.9,25.3,15.6,26.0,0.4,0.0,7.8,26.4,,0.4,0.0,0.5,.173,,3.7,-3.2,0.5,0.1
162,163,Josh Hart,SF,26,NOP,1,1,10.0,2.0,2.0,1.000,0.0,0.0,,2.0,2.0,1.000,1.000,1.0,2.0,.500,0.0,2.0,2.0,1.0,0.0,0.0,0.0,1.0,5.0,10,22.7,.868,.000,1.000,0.0,19.3,9.9,16.8,0.0,0.0,0.0,12.0,,0.1,0.0,0.1,.273,,-0.7,0.8,0.1,0.0
163,164,Isaiah Hartenstein,C,23,LAC,3,0,15.3,3.3,5.0,.667,0.0,0.0,,3.3,5.0,.667,.667,0.7,1.0,.667,0.7,3.7,4.3,1.3,1.7,0.7,1.0,3.3,7.3,46,21.8,.674,.000,.200,4.2,27.0,14.8,14.1,5.1,3.9,15.5,17.9,,0.1,0.1,0.2,.236,,-1.9,4.9,3.1,0.1
164,165,Jaxson Hayes,C,21,NOP,5,0,12.8,2.2,3.4,.647,0.2,0.2,1.000,2.0,3.2,.625,.676,1.0,1.6,.625,1.2,2.0,3.2,0.0,0.4,0.8,0.8,1.6,5.6,64,18.0,.682,.059,.471,9.5,15.1,12.3,0.0,1.5,5.3,16.3,16.0,,0.1,0.1,0.2,.142,,-3.1,0.1,-3.0,0.0
165,166,Killian Hayes,PG,20,DET,3,3,22.0,1.7,7.3,.227,0.7,1.7,.400,1.0,5.7,.176,.273,0.7,0.7,1.000,0.3,2.0,2.3,2.7,0.7,0.3,1.0,2.0,4.7,66,2.9,.306,.227,.091,1.5,10.5,5.6,17.6,1.4,1.2,11.6,16.5,,-0.2,0.1,-0.1,-0.071,,-9.5,-0.1,-9.5,-0.1
166,167,Gordon Hayward,SF,31,CHO,5,5,35.6,6.8,14.0,.486,2.0,4.6,.435,4.8,9.4,.511,.557,2.8,3.6,.778,0.8,3.2,4.0,5.2,0.8,0.4,3.8,2.6,18.4,178,14.3,.590,.329,.257,2.4,10.1,6.1,20.0,1.1,1.1,19.6,22.3,,0.2,0.0,0.2,.060,,-0.6,-1.8,-2.4,0.0
167,168,Aaron Henry,SF,22,PHI,1,0,2.0,0.0,1.0,.000,0.0,1.0,.000,0.0,0.0,,.000,0.0,0.0,,0.0,0.0,0.0,0.0,0.0,0.0,0.0,0.0,0.0,2,-20.7,.000,1.000,.000,0.0,0.0,0.0,0.0,0.0,0.0,0.0,22.5,,0.0,0.0,0.0,-0.586,,-18.8,-13.1,-31.9,0.0
168,169,Juan Hernangomez,PF,26,BOS,2,0,4.0,1.0,2.0,.500,0.5,0.5,1.000,0.5,1.5,.333,.625,0.5,1.0,.500,1.0,1.0,2.0,0.0,0.5,0.0,1.5,0.5,3.0,8,17.1,.615,.250,.500,25.7,26.9,26.3,0.0,6.0,0.0,38.1,42.0,,0.0,0.0,0.0,-0.161,,-2.9,-3.6,-6.4,0.0
169,170,Tyler Herro,SG,22,MIA,4,0,30.5,8.0,18.8,.427,2.3,7.3,.310,5.8,11.5,.500,.487,2.8,3.3,.846,1.0,6.3,7.3,4.0,0.0,0.0,2.8,1.0,21.0,122,17.2,.520,.387,.173,3.4,20.3,12.0,22.8,0.0,0.0,12.0,31.6,,0.1,0.3,0.4,.146,,2.3,0.4,2.7,0.1
170,171,Buddy Hield,SG,29,SAC,4,0,27.3,6.0,14.5,.414,4.8,10.8,.442,1.3,3.8,.333,.578,1.5,1.8,.857,0.8,4.8,5.5,1.8,0.5,0.5,2.5,2.3,18.3,109,16.6,.598,.741,.121,2.8,17.5,10.2,10.0,0.9,1.5,14.1,27.1,,0.1,0.0,0.1,.059,,3.4,-2.2,1.2,0.1
171,172,George Hill,SG,35,MIL,5,3,25.4,2.8,6.0,.467,1.2,2.8,.429,1.6,3.2,.500,.567,1.0,1.2,.833,0.8,2.4,3.2,2.6,1.4,0.2,0.8,3.0,7.8,127,12.9,.597,.467,.200,3.2,10.1,6.6,13.8,2.6,0.7,10.9,12.1,,0.2,0.1,0.3,.113,,-1.2,-0.3,-1.5,0.0
172,173,Solomon Hill,PF,30,ATL,3,0,14.0,0.7,2.7,.250,0.7,2.3,.286,0.0,0.3,.000,.375,0.0,0.0,,0.3,2.0,2.3,1.3,0.7,0.0,0.3,2.3,2.0,42,5.0,.375,.875,.000,2.3,13.6,8.1,11.4,2.3,0.0,11.1,9.0,,0.0,0.1,0.1,.082,,-6.2,1.5,-4.6,0.0
173,174,Aaron Holiday,PG,25,WAS,4,1,18.8,2.3,5.8,.391,1.0,2.3,.444,1.3,3.5,.357,.478,1.3,1.5,.833,0.3,2.5,2.8,1.3,0.3,0.8,2.0,2.0,6.8,75,7.4,.527,.391,.261,1.5,13.3,7.7,9.6,0.6,3.3,23.8,19.4,,-0.1,0.1,0.0,-0.010,,-4.2,-0.7,-4.9,-0.1
174,175,Jrue Holiday,PG,31,MIL,2,2,21.5,5.5,8.0,.688,2.5,4.0,.625,3.0,4.0,.750,.844,0.5,1.0,.500,1.0,1.5,2.5,3.0,0.5,0.0,2.5,1.5,14.0,43,23.2,.829,.500,.125,4.8,7.5,6.1,23.5,1.1,0.0,22.9,21.3,,0.2,0.0,0.2,.181,,5.6,-2.3,3.3,0.1
175,176,Justin Holiday,SF,32,IND,5,5,29.8,2.8,7.8,.359,1.6,5.8,.276,1.2,2.0,.600,.462,0.4,0.4,1.000,0.2,3.2,3.4,1.6,0.8,0.4,1.0,2.4,7.6,149,6.4,.476,.744,.051,0.8,11.4,6.2,7.2,1.3,1.1,11.1,12.9,,0.0,0.0,0.0,.000,,-2.5,-0.7,-3.3,0.0
176,177,Richaun Holmes,C,28,SAC,4,4,27.0,6.0,8.3,.727,0.3,0.3,1.000,5.8,8.0,.719,.742,1.5,1.8,.857,3.0,8.0,11.0,2.0,0.5,2.0,0.8,3.8,13.8,108,27.3,.762,.030,.212,11.2,29.8,20.5,11.6,0.9,6.0,7.7,15.0,,0.5,0.1,0.7,.290,,3.6,1.3,5.0,0.2
177,178,Rodney Hood,SF,29,MIL,2,0,11.5,1.0,2.5,.400,1.0,2.5,.400,0.0,0.0,,.600,2.0,2.0,1.000,0.5,2.0,2.5,0.5,0.5,0.0,0.0,1.5,5.0,23,18.7,.740,1.000,.800,4.5,18.6,11.4,5.7,2.0,0.0,0.0,12.3,,0.1,0.0,0.1,.252,,2.2,0.0,2.2,0.0
178,179,Al Horford,C,35,BOS,3,3,26.7,5.3,12.0,.444,1.0,4.3,.231,4.3,7.7,.565,.486,3.0,3.3,.900,2.0,8.7,10.7,2.3,1.3,3.0,1.0,2.0,14.7,80,25.9,.545,.361,.278,7.7,35.0,21.0,14.5,2.4,10.0,6.9,23.1,,0.2,0.2,0.3,.200,,3.9,1.8,5.7,0.2
179,180,Danuel House,SF,28,HOU,3,0,11.3,1.0,2.7,.375,0.7,1.7,.400,0.3,1.0,.333,.500,0.7,0.7,1.000,0.3,2.7,3.0,1.0,0.7,0.0,0.3,0.0,3.3,34,14.5,.563,.625,.250,3.2,24.2,14.0,12.2,2.7,0.0,10.1,12.1,,0.1,0.0,0.1,.142,,-0.5,1.0,0.5,0.0
180,181,Dwight Howard,C,36,LAL,5,0,14.2,1.0,1.4,.714,0.0,0.0,,1.0,1.4,.714,.714,1.8,2.2,.818,0.0,4.0,4.0,0.2,1.0,0.6,0.4,2.2,3.8,71,14.2,.802,.000,1.571,0.0,29.0,14.7,1.7,3.2,3.5,14.5,8.1,,0.1,0.1,0.2,.164,,-3.2,2.5,-0.7,0.0
181,182,Markus Howard,SG,22,DEN,1,0,3.0,0.0,0.0,,0.0,0.0,,0.0,0.0,,,0.0,0.0,,0.0,0.0,0.0,0.0,1.0,0.0,1.0,0.0,0.0,3,0.0,,,,0.0,0.0,0.0,0.0,16.0,0.0,100.0,14.7,,0.0,0.0,0.0,-0.235,,-14.5,11.8,-2.7,0.0
182,183,Kevin Huerter,SG,23,ATL,4,1,23.5,2.8,8.3,.333,0.5,3.8,.133,2.3,4.5,.500,.364,0.5,0.5,1.000,0.3,2.5,2.8,2.3,0.5,0.3,1.0,1.0,6.5,94,5.7,.384,.455,.061,1.0,10.2,5.7,12.5,1.0,0.9,10.6,17.0,,-0.1,0.1,0.0,.009,,-6.1,-0.8,-6.9,-0.1
183,184,Elijah Hughes,SF,23,UTA,1,0,3.0,0.0,0.0,,0.0,0.0,,0.0,0.0,,,2.0,2.0,1.000,0.0,0.0,0.0,0.0,0.0,0.0,0.0,0.0,2.0,3,30.2,1.136,,,0.0,0.0,0.0,0.0,0.0,0.0,0.0,12.5,,0.0,0.0,0.0,.559,,5.5,1.6,7.1,0.0
184,185,De'Andre Hunter,SF,24,ATL,3,3,29.3,5.0,12.3,.405,1.3,4.0,.333,3.7,8.3,.440,.459,0.7,0.7,1.000,0.7,2.0,2.7,0.7,0.3,0.7,0.7,2.3,12.0,88,8.8,.475,.324,.054,2.2,6.5,4.4,3.2,0.6,1.9,5.0,19.1,,0.0,0.1,0.1,.065,,-3.9,-0.4,-4.3,-0.1
185,186,Chandler Hutchison,SF,25,PHO,1,0,6.0,1.0,1.0,1.000,0.0,0.0,,1.0,1.0,1.000,1.000,0.0,0.0,,0.0,2.0,2.0,0.0,0.0,0.0,2.0,1.0,2.0,6,-2.6,1.000,.000,.000,0.0,35.4,17.5,0.0,0.0,0.0,66.7,21.5,,0.0,0.0,0.0,-0.311,,-14.2,-4.9,-19.1,0.0
186,187,Bones Hyland,PG,21,DEN,1,0,10.0,3.0,5.0,.600,1.0,3.0,.333,2.0,2.0,1.000,.700,0.0,0.0,,0.0,2.0,2.0,2.0,1.0,0.0,0.0,2.0,7.0,10,32.6,.700,.600,.000,0.0,21.8,11.2,35.8,4.8,0.0,0.0,22.0,,0.1,0.0,0.1,.422,,5.3,9.2,14.5,0.0
187,188,Andre Iguodala,SF,38,GSW,3,0,22.0,2.3,4.0,.583,1.0,2.7,.375,1.3,1.3,1.000,.708,0.7,0.7,1.000,0.3,3.7,4.0,2.7,0.3,1.0,0.3,1.0,6.3,66,16.0,.738,.667,.167,1.6,17.4,9.6,16.0,0.7,4.3,7.2,8.8,,0.2,0.1,0.3,.197,,1.8,1.1,2.9,0.1
188,189,Joe Ingles,SF,34,UTA,3,0,19.7,3.0,5.0,.600,2.3,4.3,.538,0.7,0.7,1.000,.833,0.7,0.7,1.000,0.0,2.7,2.7,2.3,0.3,0.3,0.0,1.7,9.0,59,21.9,.850,.867,.133,0.0,13.2,6.9,17.3,0.8,1.4,0.0,11.5,,0.3,0.1,0.4,.350,,5.9,1.9,7.7,0.1
189,190,Brandon Ingram,SF,24,NOP,5,5,37.2,10.6,22.2,.477,2.6,5.4,.481,8.0,16.8,.476,.536,1.8,2.4,.750,1.0,6.6,7.6,4.6,0.4,0.6,3.8,3.0,25.6,186,17.7,.550,.243,.108,2.7,17.1,10.1,24.2,0.5,1.4,14.0,30.4,,0.2,0.1,0.3,.073,,1.1,-1.5,-0.5,0.1
190,191,Frank Jackson,PG,23,DET,3,2,21.0,2.3,8.3,.280,0.7,4.3,.154,1.7,4.0,.417,.320,0.0,0.0,,0.0,1.0,1.0,0.3,0.0,0.0,1.7,2.3,5.3,63,-5.3,.320,.520,.000,0.0,5.5,2.5,2.4,0.0,0.0,16.7,20.0,,-0.3,0.0,-0.3,-0.204,,-13.9,-2.9,-16.7,-0.2
191,192,Isaiah Jackson,PF,20,IND,2,0,5.5,0.5,1.0,.500,0.0,0.0,,0.5,1.0,.500,.500,0.5,1.0,.500,0.5,1.5,2.0,0.0,0.5,0.0,0.0,1.5,1.5,11,13.2,.521,.000,1.000,10.3,28.9,19.9,0.0,4.3,0.0,0.0,11.2,,0.0,0.0,0.0,.156,,-3.3,1.2,-2.1,0.0
192,193,Jaren Jackson Jr,C,22,MEM,4,4,27.0,3.8,12.0,.313,2.3,6.5,.346,1.5,5.5,.273,.406,3.5,3.5,1.000,0.8,4.3,5.0,1.5,0.5,1.8,1.5,3.8,13.3,108,12.0,.489,.542,.292,2.9,17.0,9.8,7.2,0.9,5.7,10.0,22.3,,0.1,0.0,0.1,.040,,-2.8,-2.4,-5.2,-0.1
193,194,Josh Jackson,SF,24,DET,3,1,22.3,4.0,8.0,.500,0.7,3.3,.200,3.3,4.7,.714,.542,1.0,1.7,.600,0.7,3.3,4.0,2.7,0.3,0.3,2.3,1.3,9.7,67,12.3,.553,.417,.208,2.9,17.2,9.4,20.4,0.7,1.2,21.1,20.8,,0.0,0.1,0.0,.034,,-3.6,-0.2,-3.8,0.0
194,195,Reggie Jackson,SG,31,LAC,4,4,34.0,5.8,17.8,.324,3.0,10.0,.300,2.8,7.8,.355,.408,1.0,1.3,.800,1.5,2.3,3.8,3.8,0.8,0.0,0.8,2.5,15.5,136,9.6,.423,.563,.070,4.3,7.5,5.8,16.6,1.0,0.0,3.9,23.9,,-0.1,0.1,0.0,.013,,-2.2,-3.0,-5.2,-0.1
195,196,LeBron James,SF,37,LAL,3,3,38.0,9.3,20.0,.467,4.7,9.7,.483,4.7,10.3,.452,.583,2.7,4.0,.667,0.3,6.0,6.3,5.3,1.7,1.0,4.0,3.3,26.0,114,19.6,.597,.483,.200,0.9,16.3,8.7,21.5,2.0,2.2,15.5,28.2,,0.1,0.1,0.2,.091,,2.3,-0.4,1.8,0.1
196,197,Ty Jerome,SG,24,OKC,2,0,14.5,0.5,4.5,.111,0.5,4.0,.125,0.0,0.5,.000,.167,0.0,0.0,,0.0,1.0,1.0,1.5,1.0,0.0,1.0,1.0,1.5,29,-3.4,.167,.889,.000,0.0,7.6,3.6,13.9,3.3,0.0,18.2,16.4,,-0.2,0.0,-0.1,-0.247,,-11.5,-2.4,-13.9,-0.1
197,198,Isaiah Joe,SG,22,PHI,4,0,8.5,0.3,2.5,.100,0.3,2.0,.125,0.0,0.5,.000,.150,0.0,0.0,,0.0,0.3,0.3,0.3,0.0,0.0,0.5,0.3,0.8,34,-9.2,.150,.800,.000,0.0,3.2,1.6,3.6,0.0,0.0,16.7,15.9,,-0.2,0.0,-0.2,-0.310,,-12.6,-8.3,-20.9,-0.2
198,199,Alize Johnson,PF,25,CHI,4,0,11.3,1.5,2.0,.750,0.0,0.0,,1.5,2.0,.750,.750,0.5,0.8,.667,1.0,2.5,3.5,0.8,0.3,0.0,0.8,1.8,3.5,45,14.0,.751,.000,.375,9.9,23.6,16.9,9.7,1.1,0.0,24.4,12.2,,0.1,0.1,0.2,.200,,-1.9,-2.7,-4.5,0.0
199,200,Cameron Johnson,PF,25,PHO,4,0,20.0,2.3,6.5,.346,1.5,4.3,.353,0.8,2.3,.333,.462,0.3,0.5,.500,0.3,1.3,1.5,1.3,0.5,0.3,0.3,1.3,6.3,80,7.8,.465,.654,.077,1.3,6.6,3.9,8.5,1.2,1.2,3.6,15.0,,0.0,0.0,0.0,-0.005,,-2.3,-2.6,-4.9,-0.1
200,201,David Johnson,G,20,TOR,1,0,0.0,0.0,0.0,,0.0,0.0,,0.0,0.0,,,0.0,0.0,,0.0,0.0,0.0,0.0,0.0,0.0,0.0,0.0,0.0,0,,,,,,,,,,,,,,0.0,0.0,0.0,,,-8.7,-2.7,-11.4,0.0
201,202,Jalen Johnson,PF,20,ATL,2,0,3.5,1.5,2.5,.600,1.0,1.5,.667,0.5,1.0,.500,.800,0.0,0.0,,0.0,1.5,1.5,0.0,0.0,0.0,0.0,0.0,4.0,7,43.1,.800,.600,.000,0.0,40.9,20.7,0.0,0.0,0.0,0.0,30.1,,0.0,0.0,0.1,.398,,18.2,1.3,19.5,0.0
202,203,James Johnson,PF,34,BRK,4,0,9.0,0.3,1.5,.167,0.0,0.5,.000,0.3,1.0,.250,.167,0.3,0.5,.500,0.3,0.3,0.5,0.5,0.3,0.5,0.0,1.0,0.8,36,2.6,.218,.333,.333,2.9,2.7,2.8,7.3,1.3,4.4,0.0,8.4,,-0.1,0.0,0.0,-0.039,,-8.1,-1.0,-9.1,-0.1
203,204,Keldon Johnson,SF,22,SAS,4,4,29.5,7.3,14.5,.500,0.0,2.5,.000,7.3,12.0,.604,.500,3.8,5.3,.714,1.0,3.0,4.0,1.8,1.0,0.0,1.8,3.0,18.3,118,15.5,.543,.172,.362,3.4,11.8,7.3,8.6,1.6,0.0,9.4,26.2,,0.1,0.1,0.2,.087,,-2.5,-2.2,-4.7,-0.1
204,205,Nikola Jokic,C,26,DEN,4,4,29.5,11.0,16.3,.677,1.8,3.8,.467,9.3,12.5,.740,.731,3.0,4.0,.750,2.8,10.8,13.5,4.5,2.0,0.3,4.0,2.8,26.8,118,38.7,.743,.231,.246,10.7,39.8,25.6,31.4,3.3,0.8,18.2,32.8,,0.6,0.3,0.9,.374,,10.1,4.4,14.6,0.5
205,206,Derrick Jones Jr,SF,24,CHI,1,0,2.0,0.0,0.0,,0.0,0.0,,0.0,0.0,,,0.0,0.0,,0.0,0.0,0.0,0.0,0.0,0.0,0.0,0.0,0.0,2,0.0,,,,0.0,0.0,0.0,0.0,0.0,0.0,,0.0,,0.0,0.0,0.0,.039,,-4.2,-7.2,-11.3,0.0
206,207,Herb Jones,C,23,NOP,5,4,23.0,1.4,3.0,.467,0.2,0.4,.500,1.2,2.6,.462,.500,0.2,0.4,.500,1.2,1.2,2.4,1.4,0.6,0.8,1.6,2.6,3.2,115,4.9,.504,.133,.133,5.3,5.0,5.1,8.3,1.3,2.9,33.5,8.7,,-0.1,0.1,0.0,-0.011,,-6.7,0.4,-6.3,-0.1
207,208,Kai Jones,C,21,CHO,2,0,1.0,0.0,0.0,,0.0,0.0,,0.0,0.0,,,0.0,0.0,,0.0,0.0,0.0,0.0,0.0,0.0,1.0,0.0,0.0,2,-49.9,,,,0.0,0.0,0.0,0.0,0.0,0.0,100.0,41.0,,-0.1,0.0,-0.1,-1.354,,-46.8,-7.2,-53.9,0.0
208,209,Tre Jones,PG,22,SAS,3,0,4.7,1.0,1.7,.600,0.0,0.0,,1.0,1.7,.600,.600,0.0,0.0,,0.0,0.0,0.0,0.3,0.0,0.0,0.3,0.0,2.0,14,9.7,.600,.000,.000,0.0,0.0,0.0,9.9,0.0,0.0,16.7,17.9,,0.0,0.0,0.0,.010,,-4.3,-4.2,-8.4,0.0
209,210,Tyus Jones,PG,25,MEM,4,0,13.3,2.5,4.8,.526,0.8,1.8,.429,1.8,3.0,.583,.605,0.0,0.0,,0.0,1.5,1.5,2.3,0.3,0.0,0.0,0.8,5.8,53,18.0,.605,.368,.000,0.0,12.2,6.0,23.5,0.9,0.0,0.0,14.3,,0.2,0.0,0.2,.155,,1.2,-1.7,-0.5,0.0
210,211,DeAndre Jordan,C,33,LAL,5,5,13.2,2.4,2.8,.857,0.0,0.0,,2.4,2.8,.857,.857,0.2,0.4,.500,1.2,4.2,5.4,0.4,0.2,1.4,0.4,2.0,5.0,66,22.3,.840,.000,.143,9.6,32.8,21.3,4.2,0.7,8.8,11.8,10.6,,0.2,0.1,0.3,.228,,0.2,1.7,2.0,0.1
211,212,Cory Joseph,PG,30,DET,3,0,21.3,1.0,6.0,.167,0.3,2.7,.125,0.7,3.3,.200,.194,0.3,0.7,.500,1.0,0.3,1.3,2.7,0.7,0.7,1.0,0.7,2.7,64,1.8,.212,.444,.111,4.5,1.8,3.3,17.4,1.5,2.5,13.7,14.3,,-0.2,0.1,-0.1,-0.108,,-8.4,-0.1,-8.5,-0.1
212,213,Georgios Kalaitzakis,SF,23,MIL,3,0,6.7,1.0,2.3,.429,0.3,0.7,.500,0.7,1.7,.400,.500,0.3,1.3,.250,1.0,0.7,1.7,0.0,0.0,0.0,1.0,0.7,2.7,20,3.8,.457,.286,.571,15.5,10.7,13.1,0.0,0.0,0.0,25.5,24.6,,-0.1,0.0,-0.1,-0.158,,-4.9,-8.5,-13.4,-0.1
213,214,Frank Kaminsky,C,28,PHO,1,0,10.0,1.0,4.0,.250,0.0,2.0,.000,1.0,2.0,.500,.250,0.0,0.0,,2.0,3.0,5.0,0.0,0.0,0.0,1.0,0.0,2.0,10,2.2,.250,.500,.000,20.8,31.8,26.2,0.0,0.0,0.0,20.0,21.5,,0.0,0.0,0.0,-0.222,,-7.7,-10.6,-18.3,0.0
214,215,Enes Kanter,C,29,BOS,1,0,5.0,1.0,2.0,.500,0.0,0.0,,1.0,2.0,.500,.500,0.0,0.0,,1.0,0.0,1.0,0.0,0.0,0.0,0.0,0.0,2.0,5,15.8,.500,.000,.000,20.6,0.0,10.5,0.0,0.0,0.0,0.0,17.1,,0.0,0.0,0.0,.073,,2.6,-8.2,-5.6,0.0
215,216,Luke Kennard,SG,25,LAC,4,0,26.0,4.0,8.8,.457,2.8,6.0,.458,1.3,2.8,.455,.614,0.8,0.8,1.000,0.3,2.3,2.5,2.5,0.3,0.3,0.5,2.3,11.5,104,14.1,.633,.686,.086,0.9,9.8,5.0,14.2,0.5,0.9,5.2,15.7,,0.2,0.1,0.3,.153,,0.4,-1.2,-0.8,0.0
216,217,Corey Kispert,SF,22,WAS,3,0,9.0,0.7,1.3,.500,0.0,0.7,.000,0.7,0.7,1.000,.500,0.7,0.7,1.000,0.3,1.0,1.3,1.0,0.7,0.3,0.7,0.7,2.0,27,13.3,.615,.500,.500,4.1,11.1,7.8,15.0,3.5,3.0,29.1,11.0,,0.0,0.0,0.1,.121,,-2.0,2.8,0.8,0.0
217,218,Maxi Kleber,PF,30,DAL,3,0,18.0,1.7,4.3,.385,1.7,3.7,.455,0.0,0.7,.000,.577,0.7,0.7,1.000,1.0,4.0,5.0,0.0,0.7,0.0,1.0,2.0,5.7,54,10.0,.612,.846,.154,4.9,22.7,13.2,0.0,1.8,0.0,17.8,13.2,,0.0,0.1,0.1,.086,,-2.4,-1.2,-3.7,0.0
218,219,Kevin Knox,SF,22,NYK,1,0,4.0,0.0,0.0,,0.0,0.0,,0.0,0.0,,,0.0,0.0,,0.0,0.0,0.0,1.0,0.0,0.0,1.0,1.0,0.0,4,-8.5,,,,0.0,0.0,0.0,29.2,0.0,0.0,100.0,10.7,,0.0,0.0,0.0,-0.216,,-15.4,-1.9,-17.3,0.0
219,220,John Konchar,SG,25,MEM,3,0,17.3,1.7,2.7,.625,0.3,1.0,.333,1.3,1.7,.800,.688,0.0,0.7,.000,2.0,2.7,4.7,1.7,0.7,0.0,1.0,2.0,3.7,52,12.3,.619,.375,.250,11.9,16.6,14.2,11.8,1.9,0.0,25.3,9.1,,0.1,0.0,0.0,.044,,-1.5,-0.8,-2.4,0.0
220,221,Furkan Korkmaz,SG,24,PHI,4,0,20.5,4.0,9.8,.410,2.0,5.3,.381,2.0,4.5,.444,.513,2.5,2.8,.909,0.3,1.3,1.5,3.3,0.8,0.0,1.0,0.3,12.5,82,21.1,.570,.538,.282,1.4,6.7,4.0,24.1,1.8,0.0,8.4,26.3,,0.3,0.0,0.3,.154,,3.2,-4.3,-1.1,0.0
221,222,Vit Krejci,SG,21,OKC,2,0,4.5,0.0,1.0,.000,0.0,1.0,.000,0.0,0.0,,.000,1.0,1.0,1.000,0.0,1.0,1.0,0.0,0.0,0.0,0.5,0.0,1.0,9,-2.1,.347,1.000,1.000,0.0,24.5,11.7,0.0,0.0,0.0,25.8,18.6,,0.0,0.0,0.0,-0.223,,-11.9,-5.3,-17.2,0.0
222,223,Kyle Kuzma,SF,26,WAS,4,4,33.3,5.3,13.0,.404,2.0,6.8,.296,3.3,6.3,.520,.481,1.3,2.5,.500,1.8,10.0,11.8,2.3,1.0,0.5,2.5,2.0,13.8,133,12.9,.488,.519,.192,5.8,29.9,18.5,10.3,1.4,1.2,15.1,21.6,,-0.1,0.2,0.1,.051,,-1.1,-1.0,-2.2,0.0
223,224,Jeremy Lamb,SF,29,IND,5,0,19.4,3.0,7.2,.417,2.0,3.8,.526,1.0,3.4,.294,.556,1.4,1.4,1.000,0.0,2.2,2.2,0.8,0.4,0.6,1.0,1.8,9.4,97,13.0,.601,.528,.194,0.0,12.0,6.2,6.0,1.0,2.5,11.3,19.5,,0.1,0.0,0.2,.077,,1.3,-0.6,0.7,0.1
224,225,Jock Landale,C,26,SAS,2,0,2.5,0.0,0.5,.000,0.0,0.0,,0.0,0.5,.000,.000,0.5,1.0,.500,0.5,0.0,0.5,0.5,0.0,0.5,0.5,0.0,0.5,5,8.9,.266,.000,2.000,20.3,0.0,10.8,21.3,0.0,16.7,34.7,24.0,,0.0,0.0,0.0,-0.158,,-8.5,1.1,-7.4,0.0
225,226,Romeo Langford,SG,22,BOS,2,0,19.5,3.0,5.5,.545,2.0,3.0,.667,1.0,2.5,.400,.727,0.0,0.0,,2.0,0.5,2.5,0.0,1.0,0.0,2.5,2.0,8.0,39,11.0,.727,.545,.000,10.5,2.8,6.7,0.0,2.5,0.0,31.3,17.5,,0.0,0.0,0.0,-0.007,,-2.3,-4.0,-6.3,0.0
226,227,Zach LaVine,SG,26,CHI,4,4,33.8,8.8,17.5,.500,3.0,6.8,.444,5.8,10.8,.535,.586,5.0,5.3,.952,0.3,5.0,5.3,4.8,0.5,0.5,3.0,1.0,25.5,135,24.1,.644,.386,.300,0.8,15.7,8.4,25.0,0.7,1.2,13.2,30.1,,0.4,0.2,0.6,.229,,6.8,-3.5,3.3,0.2
227,228,Jake Layman,SF,27,MIN,1,0,5.0,1.0,3.0,.333,0.0,1.0,.000,1.0,2.0,.500,.333,0.0,0.0,,0.0,0.0,0.0,0.0,0.0,0.0,0.0,0.0,2.0,5,-0.1,.333,.333,.000,0.0,0.0,0.0,0.0,0.0,0.0,0.0,24.6,,0.0,0.0,0.0,-0.158,,-11.0,-10.8,-21.8,0.0
228,229,Damion Lee,SG,29,GSW,4,0,26.8,4.8,10.0,.475,2.0,4.3,.471,2.8,5.8,.478,.575,2.8,3.0,.917,0.3,2.0,2.3,1.3,0.0,0.0,0.3,1.8,14.3,107,14.9,.629,.425,.300,1.0,7.8,4.4,6.8,0.0,0.0,2.2,18.2,,0.3,0.0,0.4,.160,,0.1,-2.8,-2.7,0.0
229,230,Saben Lee,PG,22,DET,2,0,8.5,0.5,2.5,.200,0.0,0.5,.000,0.5,2.0,.250,.200,0.0,0.0,,0.0,1.0,1.0,0.0,0.5,0.0,0.5,0.5,1.0,17,-4.0,.200,.200,.000,0.0,13.6,6.2,0.0,2.8,0.0,16.7,14.8,,-0.1,0.0,-0.1,-0.181,,-15.0,0.1,-14.9,-0.1
230,231,Alex Len,C,28,SAC,2,0,20.5,2.0,3.0,.667,1.0,1.0,1.000,1.0,2.0,.500,.833,4.0,5.0,.800,0.5,3.0,3.5,0.5,0.5,1.0,1.0,4.0,9.0,41,16.7,.865,.333,1.667,2.5,14.7,8.6,3.2,1.2,4.0,16.1,12.6,,0.1,0.0,0.2,.195,,-1.4,0.5,-0.9,0.0
231,232,Kira Lewis Jr,PG,20,NOP,5,0,13.0,1.6,4.8,.333,0.4,2.0,.200,1.2,2.8,.429,.375,0.0,0.0,,0.4,1.2,1.6,3.0,0.2,0.0,1.4,1.0,3.6,65,5.6,.375,.417,.000,3.1,8.9,6.1,34.3,0.7,0.0,22.6,19.9,,-0.1,0.0,-0.1,-0.079,,-7.2,-3.6,-10.8,-0.1
232,233,Damian Lillard,PG,31,POR,4,4,31.3,6.0,18.0,.333,1.5,8.8,.171,4.5,9.3,.486,.375,4.3,4.5,.944,0.3,3.0,3.3,8.0,0.5,0.0,2.3,1.5,17.8,125,14.4,.444,.486,.250,0.9,9.5,5.5,37.8,0.7,0.0,10.1,29.6,,0.1,0.1,0.2,.064,,-1.5,-3.7,-5.2,-0.1
233,234,Nassir Little,PF,21,POR,4,2,25.5,3.8,6.5,.577,1.0,2.5,.400,2.8,4.0,.688,.654,0.8,1.3,.600,1.8,3.3,5.0,0.8,1.0,0.8,1.3,2.3,9.3,102,14.6,.656,.385,.192,7.7,12.5,10.3,4.1,1.8,2.7,15.1,13.6,,0.2,0.1,0.3,.141,,-1.4,0.0,-1.4,0.0
234,235,Kevon Looney,C,25,GSW,4,4,16.8,2.5,4.5,.556,0.0,0.0,,2.5,4.5,.556,.556,1.5,2.0,.750,2.3,3.5,5.8,0.8,0.5,0.8,0.3,2.0,6.5,67,19.6,.604,.000,.444,14.2,21.8,18.1,6.3,1.4,4.3,4.4,14.1,,0.2,0.1,0.3,.236,,-0.2,-1.4,-1.6,0.0
235,236,Brook Lopez,C,33,MIL,1,1,28.0,3.0,9.0,.333,2.0,4.0,.500,1.0,5.0,.200,.444,0.0,0.0,,2.0,3.0,5.0,0.0,1.0,3.0,0.0,3.0,8.0,28,11.9,.444,.444,.000,7.4,11.5,9.4,0.0,1.7,9.4,0.0,13.5,,0.0,0.0,0.0,.064,,-2.9,-1.8,-4.7,0.0
236,237,Robin Lopez,C,33,ORL,4,0,13.0,2.0,3.0,.667,0.0,0.0,,2.0,3.0,.667,.667,1.5,2.0,.750,1.3,1.8,3.0,0.5,0.0,0.3,0.5,0.5,5.5,52,18.6,.709,.000,.667,11.1,14.2,12.8,6.5,0.0,1.7,11.4,14.5,,0.2,0.0,0.2,.141,,2.3,-3.5,-1.2,0.0
237,238,Kevin Love,PF,33,CLE,5,0,21.8,3.2,8.6,.372,0.6,3.0,.200,2.6,5.6,.464,.407,3.8,4.2,.905,1.8,5.4,7.2,2.4,0.4,0.2,0.8,0.4,10.8,109,19.5,.517,.349,.488,8.8,24.6,16.9,16.2,0.9,0.8,7.1,22.3,,0.2,0.2,0.4,.181,,3.1,-0.1,3.0,0.1
238,239,Kyle Lowry,PG,35,MIA,3,3,30.0,2.7,9.0,.296,1.0,5.7,.176,1.7,3.3,.500,.352,1.3,1.3,1.000,0.3,2.7,3.0,7.7,0.7,0.3,2.3,2.7,7.7,90,8.4,.400,.630,.148,1.1,8.8,5.0,34.1,1.1,1.2,19.6,16.7,,-0.1,0.2,0.2,.094,,-4.5,0.6,-3.8,0.0
239,240,Timothe Luwawu-Cabarrot,SF,26,ATL,2,0,3.5,0.0,2.0,.000,0.0,1.0,.000,0.0,1.0,.000,.000,0.0,0.0,,0.0,1.0,1.0,0.5,0.0,0.0,0.0,0.0,0.0,7,-15.0,.000,.500,.000,0.0,27.3,13.8,16.2,0.0,0.0,0.0,24.1,,-0.1,0.0,-0.1,-0.417,,-18.5,-7.8,-26.3,0.0
240,241,Trey Lyles,PF,26,DET,3,0,19.0,2.7,6.0,.444,1.0,2.3,.429,1.7,3.7,.455,.528,1.7,2.0,.833,1.0,4.0,5.0,1.0,0.7,0.7,1.7,0.3,8.0,57,15.3,.581,.389,.333,5.1,24.3,13.8,8.4,1.7,2.8,19.5,18.9,,0.0,0.1,0.1,.093,,-2.0,1.3,-0.7,0.0
241,242,Theo Maledon,PG,20,OKC,5,0,16.0,0.8,3.2,.250,0.4,2.2,.182,0.4,1.0,.400,.313,0.4,0.4,1.000,0.2,1.0,1.2,1.8,0.4,0.0,1.4,1.2,2.4,80,1.0,.355,.688,.125,1.3,6.9,4.0,15.4,1.2,0.0,29.3,12.9,,-0.2,0.0,-0.2,-0.132,,-9.2,-3.2,-12.4,-0.2
242,243,Sandro Mamukelashvili,PF,22,MIL,4,0,12.5,1.3,3.3,.385,0.5,1.3,.400,0.8,2.0,.375,.462,0.5,0.5,1.000,0.8,1.3,2.0,0.5,0.0,0.0,0.0,0.8,3.5,50,9.2,.504,.385,.154,6.2,10.7,8.4,5.3,0.0,0.0,0.0,11.6,,0.1,0.0,0.1,.060,,-0.3,-4.7,-5.0,0.0
243,244,Terance Mann,SG,25,LAC,4,0,29.0,3.3,7.8,.419,1.0,3.0,.333,2.3,4.8,.474,.484,1.0,1.3,.800,2.3,3.8,6.0,3.5,1.5,0.3,0.8,2.5,8.5,116,14.3,.512,.387,.161,7.6,14.6,10.8,16.7,2.4,0.8,8.3,13.3,,0.2,0.2,0.4,.152,,-1.0,0.4,-0.7,0.0
244,245,Tre Mann,PG,20,OKC,5,0,10.6,2.0,4.6,.435,0.6,1.8,.333,1.4,2.8,.500,.500,0.2,0.8,.250,0.4,0.6,1.0,0.2,0.2,0.4,0.2,1.0,4.8,53,11.0,.485,.391,.174,3.8,6.2,5.0,3.2,0.9,3.7,3.9,21.0,,0.0,0.0,0.0,-0.017,,-3.3,-2.5,-5.8,-0.1
245,246,Boban Marjanovic,C,33,DAL,1,0,9.0,5.0,5.0,1.000,0.0,0.0,,5.0,5.0,1.000,1.000,1.0,2.0,.500,2.0,2.0,4.0,1.0,0.0,0.0,0.0,1.0,11.0,9,61.4,.935,.000,.400,19.8,22.7,21.1,50.0,0.0,0.0,0.0,27.6,,0.1,0.0,0.1,.597,,19.9,2.9,22.7,0.1
246,247,Lauri Markkanen,PF,24,CLE,5,5,30.8,3.6,11.8,.305,1.4,6.0,.233,2.2,5.8,.379,.364,2.2,2.6,.846,1.4,5.6,7.0,1.8,1.4,0.6,1.0,0.6,10.8,154,10.8,.417,.508,.220,4.8,18.0,11.7,8.3,2.2,1.6,7.2,19.6,,-0.1,0.3,0.1,.043,,-1.7,0.0,-1.7,0.0
247,248,Naji Marshall,SF,24,NOP,5,0,13.6,0.6,2.6,.231,0.0,1.2,.000,0.6,1.4,.429,.231,0.2,0.4,.500,0.6,3.6,4.2,1.8,0.4,0.4,1.6,1.6,1.4,68,2.1,.252,.462,.154,4.4,25.5,15.2,17.6,1.4,2.5,36.6,13.4,,-0.2,0.1,-0.2,-0.108,,-10.8,0.5,-10.4,-0.1
248,249,Caleb Martin,SF,26,MIA,2,0,4.5,1.0,1.0,1.000,0.5,0.5,1.000,0.5,0.5,1.000,1.250,1.0,2.0,.500,0.0,0.5,0.5,0.0,1.0,0.0,0.0,0.5,3.5,9,39.7,.931,.500,2.000,0.0,11.0,5.6,0.0,10.6,0.0,0.0,17.6,,0.1,0.0,0.1,.524,,8.7,13.0,21.6,0.1
249,250,Cody Martin,SF,26,CHO,5,0,25.0,3.0,5.8,.517,1.0,2.0,.500,2.0,3.8,.526,.603,2.4,2.8,.857,1.2,3.2,4.4,2.4,1.6,0.4,0.8,1.6,9.4,125,18.3,.668,.345,.483,5.1,14.4,9.6,12.0,3.0,1.6,10.2,12.8,,0.4,0.1,0.5,.189,,1.5,1.6,3.1,0.2
250,251,Kenyon Martin Jr,SF,21,HOU,3,0,6.7,1.0,1.3,.750,0.0,0.0,,1.0,1.3,.750,.750,0.7,1.3,.500,0.3,1.0,1.3,0.7,0.3,0.0,0.0,0.3,2.7,20,20.6,.694,.000,1.000,5.5,15.4,10.6,15.1,2.3,0.0,0.0,12.0,,0.1,0.0,0.1,.247,,1.9,0.4,2.3,0.0
251,252,Tyrese Maxey,SG,21,PHI,4,4,33.5,5.5,13.3,.415,0.8,3.8,.200,4.8,9.5,.500,.443,2.3,2.5,.900,0.8,3.3,4.0,3.0,0.5,0.3,1.5,3.0,14.0,134,10.9,.488,.283,.189,2.5,10.7,6.6,13.0,0.7,0.7,9.5,21.3,,0.0,0.0,0.1,.018,,-4.6,-4.8,-9.5,-0.3
252,253,Skylar Mays,SG,24,ATL,2,0,3.5,0.5,0.5,1.000,0.5,0.5,1.000,0.0,0.0,,1.500,0.0,0.0,,0.0,0.5,0.5,0.0,0.0,0.0,0.0,0.5,1.5,7,18.4,1.500,1.000,.000,0.0,13.6,6.9,0.0,0.0,0.0,0.0,6.0,,0.0,0.0,0.0,.245,,2.6,1.6,4.2,0.0
253,254,Miles McBride,PG,21,NYK,2,0,1.5,0.0,1.5,.000,0.0,1.0,.000,0.0,0.5,.000,.000,0.0,0.0,,0.0,0.0,0.0,0.0,0.0,0.5,0.0,0.0,0.0,3,-26.5,.000,.667,.000,0.0,0.0,0.0,0.0,0.0,36.2,0.0,42.6,,-0.1,0.0,-0.1,-0.945,,-29.6,-10.9,-40.5,0.0
254,255,CJ McCollum,SG,30,POR,4,4,32.5,9.8,20.0,.488,5.0,10.5,.476,4.8,9.5,.500,.613,2.3,2.5,.900,0.8,4.0,4.8,3.0,2.0,1.5,3.0,2.5,26.8,130,26.0,.634,.525,.125,2.6,12.1,7.7,16.2,2.8,4.3,12.4,30.9,,0.4,0.2,0.6,.217,,5.8,1.0,6.9,0.3
255,256,TJ McConnell,PG,29,IND,5,0,22.0,3.2,6.4,.500,0.4,1.2,.333,2.8,5.2,.538,.531,0.0,0.2,.000,0.2,2.2,2.4,4.6,0.6,0.4,1.6,1.8,6.8,110,12.2,.524,.188,.031,1.0,10.6,6.0,30.1,1.3,1.5,19.8,15.7,,0.1,0.0,0.1,.052,,-1.3,-0.5,-1.8,0.0
256,257,Jaden McDaniels,PF,21,MIN,4,4,29.3,1.5,4.5,.333,0.5,2.5,.200,1.0,2.0,.500,.389,0.0,0.0,,1.3,4.5,5.8,0.8,1.3,1.8,1.0,2.8,3.5,117,6.3,.389,.556,.000,4.3,15.0,9.7,3.4,2.0,5.6,18.2,7.7,,-0.1,0.2,0.1,.055,,-5.6,0.3,-5.3,-0.1
257,258,Jalen McDaniels,SF,24,CHO,5,0,13.6,2.4,3.2,.750,1.4,2.0,.700,1.0,1.2,.833,.969,1.2,2.0,.600,0.6,1.4,2.0,1.2,0.6,0.2,0.4,1.4,7.4,68,24.5,.907,.625,.625,4.7,11.6,8.0,11.8,2.1,1.5,8.9,13.5,,0.4,0.0,0.4,.274,,6.3,1.6,7.8,0.2
258,259,Doug McDermott,PF,30,SAS,4,4,25.8,4.3,8.5,.500,2.5,5.5,.455,1.8,3.0,.583,.647,0.5,0.5,1.000,0.3,1.8,2.0,0.8,0.0,0.0,0.5,0.8,11.5,103,12.5,.659,.647,.059,1.0,7.9,4.2,3.8,0.0,0.0,5.4,14.9,,0.2,0.0,0.2,.110,,1.1,-3.5,-2.5,0.0
259,260,JaVale McGee,C,34,PHO,4,0,13.5,4.0,5.5,.727,0.0,0.0,,4.0,5.5,.727,.727,0.5,2.0,.250,0.8,6.0,6.8,0.0,0.0,0.5,2.0,1.8,8.5,54,17.6,.666,.000,.364,5.8,47.1,26.2,0.0,0.0,3.6,23.9,26.7,,-0.1,0.0,0.0,-0.020,,-3.7,-1.8,-5.5,0.0
260,261,Rodney McGruder,SG,30,DET,2,0,3.5,0.5,1.5,.333,0.5,1.0,.500,0.0,0.5,.000,.500,0.0,0.0,,0.0,1.0,1.0,0.5,0.0,0.0,0.0,0.0,1.5,7,15.3,.500,.667,.000,0.0,32.9,15.0,23.0,0.0,0.0,0.0,18.0,,0.0,0.0,0.0,.139,,1.3,1.0,2.3,0.0
261,262,Jordan McLaughlin,PG,25,MIN,4,0,11.8,0.8,1.8,.429,0.0,0.5,.000,0.8,1.3,.600,.429,0.8,1.0,.750,0.3,1.0,1.3,2.0,1.0,0.0,0.5,0.5,2.3,47,12.6,.514,.286,.571,2.1,8.3,5.3,22.9,4.0,0.0,18.6,9.4,,0.1,0.1,0.1,.144,,-4.3,1.1,-3.2,0.0
262,263,Ben McLemore,SG,28,POR,2,0,8.5,1.5,4.0,.375,1.0,3.5,.286,0.5,0.5,1.000,.500,1.0,1.0,1.000,0.0,0.0,0.0,0.5,0.0,0.0,0.5,0.0,5.0,17,12.3,.563,.875,.250,0.0,0.0,0.0,8.5,0.0,0.0,10.1,24.2,,0.0,0.0,0.0,.064,,1.2,-4.0,-2.8,0.0
263,264,De'Anthony Melton,PG,23,MEM,4,4,29.3,5.5,12.5,.440,2.8,6.0,.458,2.8,6.5,.423,.550,0.0,0.5,.000,1.5,3.8,5.3,2.3,1.3,0.3,1.0,1.0,13.8,117,16.0,.540,.480,.040,5.3,13.8,9.5,10.6,2.1,0.8,7.3,18.7,,0.2,-0.1,0.2,.076,,1.2,-2.5,-1.3,0.0
264,265,Sam Merrill,SG,25,MEM,1,0,12.0,2.0,6.0,.333,2.0,6.0,.333,0.0,0.0,,.500,0.0,0.0,,0.0,0.0,0.0,2.0,0.0,0.0,0.0,1.0,6.0,12,12.4,.500,1.000,.000,0.0,0.0,0.0,22.4,0.0,0.0,0.0,20.0,,0.0,0.0,0.0,.093,,4.2,-3.7,0.4,0.0
265,266,Khris Middleton,SF,30,MIL,5,5,31.2,7.2,16.2,.444,1.4,5.6,.250,5.8,10.6,.547,.488,4.4,5.2,.846,0.6,4.0,4.6,4.4,1.8,0.2,3.4,1.8,20.2,156,18.4,.546,.346,.321,2.0,13.7,7.7,22.8,2.7,0.6,15.5,29.4,,0.1,0.1,0.2,.064,,0.2,-1.8,-1.6,0.0
266,267,Patty Mills,PG,33,BRK,5,0,29.2,4.4,9.8,.449,3.2,6.2,.516,1.2,3.6,.333,.612,0.4,0.4,1.000,0.4,2.2,2.6,2.8,0.6,0.2,0.6,1.6,12.4,146,14.7,.621,.633,.041,1.4,7.2,4.4,15.1,1.0,0.5,5.7,15.9,,0.3,0.1,0.4,.126,,1.1,-1.2,-0.1,0.1
267,268,Paul Millsap,PF,36,BRK,5,0,11.0,1.2,3.0,.400,0.6,2.0,.300,0.6,1.0,.600,.500,0.8,0.8,1.000,0.4,3.0,3.4,1.4,0.4,0.2,0.6,2.0,3.8,55,13.8,.567,.667,.267,3.7,26.2,15.4,18.8,1.7,1.4,15.2,15.8,,0.1,0.1,0.2,.133,,-2.2,2.3,0.1,0.0
268,269,Davion Mitchell,PG,23,SAC,4,0,26.8,3.3,9.3,.351,1.0,4.5,.222,2.3,4.8,.474,.405,0.5,1.0,.500,0.0,2.0,2.0,3.8,1.0,0.0,0.5,1.8,8.0,107,8.3,.413,.486,.108,0.0,7.5,3.8,19.0,1.8,0.0,4.9,15.8,,0.0,0.0,0.0,-0.004,,-4.3,-1.5,-5.8,-0.1
269,270,Donovan Mitchell,PG,25,UTA,3,3,33.3,8.0,20.7,.387,3.3,11.0,.303,4.7,9.7,.483,.468,2.3,2.7,.875,1.0,2.3,3.3,4.7,1.7,0.3,3.7,2.7,21.7,100,15.8,.496,.532,.129,3.2,6.8,5.1,23.3,2.4,0.8,14.4,32.6,,0.0,0.2,0.2,.089,,-0.9,-1.6,-2.4,0.0
270,271,Evan Mobley,PF,20,CLE,5,5,33.2,5.0,10.0,.500,0.2,0.8,.250,4.8,9.2,.522,.510,3.6,4.0,.900,1.8,6.8,8.6,2.2,1.2,2.0,1.6,2.8,13.8,166,18.1,.587,.080,.400,5.8,20.3,13.3,9.8,1.8,5.1,12.0,17.4,,0.3,0.3,0.6,.176,,-0.1,1.5,1.4,0.1
271,272,Malik Monk,SG,23,LAL,5,2,25.6,3.6,8.0,.450,2.0,5.2,.385,1.6,2.8,.571,.575,1.0,1.2,.833,0.4,1.6,2.0,2.4,1.0,0.0,0.6,0.8,10.2,128,14.1,.598,.650,.150,1.7,6.4,4.1,12.4,1.8,0.0,6.6,14.8,,0.3,0.0,0.3,.099,,0.3,-1.2,-1.0,0.0
272,273,Moses Moody,SG,19,GSW,3,0,3.3,0.3,1.0,.333,0.0,0.0,,0.3,1.0,.333,.333,0.0,0.0,,0.0,0.7,0.7,0.7,0.0,0.0,0.0,0.0,0.7,10,8.4,.333,.000,.000,0.0,20.9,10.5,26.2,0.0,0.0,0.0,12.6,,0.0,0.0,0.0,.041,,-3.0,-1.0,-3.9,0.0
273,274,Ja Morant,PG,22,MEM,4,4,34.5,11.3,20.3,.556,2.8,6.0,.458,8.5,14.3,.596,.623,5.3,6.5,.808,1.3,3.8,5.0,8.5,1.3,0.5,5.5,2.5,30.5,138,29.4,.660,.296,.321,3.7,11.7,7.6,42.1,1.8,1.3,19.2,33.1,,0.7,-0.1,0.6,.205,,7.3,-2.3,5.0,0.2
274,275,Marcus Morris,PF,32,LAC,2,2,27.5,3.5,9.0,.389,1.5,5.5,.273,2.0,3.5,.571,.472,1.0,1.0,1.000,0.0,0.5,0.5,0.5,1.0,0.5,0.5,4.0,9.5,55,6.5,.503,.611,.111,0.0,2.1,1.0,2.6,1.7,1.6,5.0,15.4,,0.0,0.1,0.0,.040,,-5.7,-2.7,-8.4,-0.1
275,276,Markieff Morris,PF,32,MIA,4,0,18.5,3.3,7.5,.433,0.5,2.3,.222,2.8,5.3,.524,.467,0.3,0.3,1.000,1.0,1.8,2.8,0.8,0.5,0.3,1.3,2.5,7.3,74,7.9,.476,.300,.033,5.5,9.4,7.5,6.1,1.3,1.5,14.1,20.1,,-0.1,0.2,0.1,.081,,-5.6,0.7,-4.9,-0.1
276,277,Monte Morris,PG,26,DEN,4,4,30.0,4.5,9.3,.486,1.8,3.8,.467,2.8,5.5,.500,.581,0.0,0.5,.000,0.0,1.5,1.5,3.5,0.5,0.0,2.0,1.8,10.8,120,9.5,.568,.405,.054,0.0,5.5,2.8,16.4,0.8,0.0,17.4,16.8,,0.0,0.1,0.1,.049,,-2.6,-2.2,-4.9,-0.1
277,278,Trey Murphy III,SF,21,NOP,5,0,22.0,2.2,5.6,.393,1.8,4.2,.429,0.4,1.4,.286,.554,0.0,0.2,.000,0.4,2.2,2.6,0.6,0.4,0.0,0.8,1.6,6.2,110,6.5,.545,.750,.036,1.8,9.6,5.8,3.9,0.9,0.0,12.3,12.3,,0.0,0.0,0.1,.024,,-4.4,-1.7,-6.2,-0.1
278,279,Dejounte Murray,PG,25,SAS,4,4,35.0,6.8,18.3,.370,0.8,3.5,.214,6.0,14.8,.407,.390,1.0,1.8,.571,0.8,8.3,9.0,9.0,2.3,0.5,2.3,3.0,15.3,140,15.0,.401,.192,.096,2.2,27.3,13.9,34.5,3.0,1.2,10.6,25.3,,-0.1,0.2,0.2,.051,,-2.9,1.5,-1.4,0.0
279,280,Mike Muscala,C,30,OKC,3,0,15.3,3.3,5.3,.625,2.0,3.7,.545,1.3,1.7,.800,.813,1.3,1.7,.800,0.3,2.7,3.0,0.3,1.0,0.0,0.0,1.3,10.0,46,28.1,.824,.688,.313,2.2,19.1,10.3,3.9,3.2,0.0,0.0,17.1,,0.3,0.0,0.3,.291,,7.1,0.6,7.8,0.1
280,281,Svi Mykhailiuk,SF,24,TOR,5,0,14.6,2.0,4.2,.476,1.2,3.0,.400,0.8,1.2,.667,.619,1.0,1.2,.833,0.8,2.4,3.2,1.0,0.8,0.0,1.4,2.0,6.2,73,14.4,.656,.714,.286,5.3,18.3,11.4,10.3,2.7,0.0,22.8,17.2,,0.1,0.1,0.2,.150,,-1.2,1.8,0.6,0.0
281,282,Abdel Nader,SF,28,PHO,4,0,11.5,1.0,3.3,.308,0.3,1.3,.200,0.8,2.0,.375,.346,0.8,1.0,.750,0.3,1.5,1.8,0.5,0.5,0.0,0.5,0.5,3.0,46,5.7,.407,.385,.308,2.3,13.8,8.0,5.7,2.1,0.0,11.9,15.7,,-0.1,0.0,-0.1,-0.061,,-5.6,-2.6,-8.2,-0.1
282,283,Larry Nance Jr,PF,29,POR,4,0,18.0,2.5,4.5,.556,0.8,1.8,.429,1.8,2.8,.636,.639,0.0,0.0,,1.0,2.5,3.5,0.8,0.8,0.3,1.3,2.0,5.8,72,11.2,.639,.389,.000,6.2,13.7,10.2,5.7,1.9,1.3,21.7,13.3,,0.1,0.1,0.1,.091,,-2.6,0.1,-2.5,0.0
283,284,RJ Nembhard,SG,22,CLE,1,0,2.0,1.0,1.0,1.000,0.0,0.0,,1.0,1.0,1.000,1.000,0.0,0.0,,0.0,0.0,0.0,1.0,0.0,0.0,0.0,0.0,2.0,2,56.5,1.000,.000,.000,0.0,0.0,0.0,100.0,0.0,0.0,0.0,21.6,,0.0,0.0,0.0,.851,,24.0,5.6,29.5,0.0
284,285,Aaron Nesmith,SF,22,BOS,3,0,9.0,0.0,3.3,.000,0.0,3.0,.000,0.0,0.3,.000,.000,0.0,0.0,,0.7,0.7,1.3,1.0,0.3,0.0,0.3,1.7,0.0,27,-10.1,.000,.900,.000,7.6,8.0,7.8,13.8,1.8,0.0,9.1,17.4,,-0.2,0.0,-0.2,-0.344,,-15.3,-6.0,-21.3,-0.1
285,286,Raul Neto,PG,29,WAS,3,0,23.0,4.0,8.0,.500,0.3,1.7,.200,3.7,6.3,.579,.521,1.0,1.0,1.000,0.0,2.3,2.3,2.0,2.3,0.3,1.3,1.3,9.3,69,16.2,.553,.208,.125,0.0,10.1,5.3,13.5,4.9,1.2,13.6,18.4,,0.0,0.1,0.2,.115,,-2.7,3.4,0.7,0.0
286,287,Georges Niang,PF,28,PHI,4,0,18.5,3.8,6.8,.556,2.5,4.5,.556,1.3,2.3,.556,.741,0.3,0.3,1.000,0.3,1.0,1.3,1.3,0.3,0.5,0.3,2.3,10.3,74,20.7,.747,.667,.037,1.5,6.0,3.7,10.4,0.7,2.4,3.5,17.3,,0.3,0.0,0.3,.210,,4.6,-2.7,2.0,0.1
287,288,Zeke Nnaji,PF,21,DEN,1,0,3.0,1.0,1.0,1.000,1.0,1.0,1.000,0.0,0.0,,1.500,0.0,0.0,,0.0,0.0,0.0,0.0,0.0,0.0,0.0,0.0,3.0,3,43.9,1.500,1.000,.000,0.0,0.0,0.0,0.0,0.0,0.0,0.0,14.7,,0.0,0.0,0.0,.307,,29.2,4.4,33.7,0.0
288,289,Jaylen Nowell,SG,22,MIN,1,0,6.0,1.0,3.0,.333,0.0,0.0,,1.0,3.0,.333,.333,0.0,0.0,,1.0,1.0,2.0,1.0,0.0,0.0,1.0,1.0,2.0,6,2.8,.333,.000,.000,16.8,16.2,16.5,26.0,0.0,0.0,25.0,27.4,,0.0,0.0,0.0,-0.146,,-11.8,-8.7,-20.5,0.0
289,290,Frank Ntilikina,PG,23,DAL,2,0,4.0,0.5,1.5,.333,0.0,0.5,.000,0.5,1.0,.500,.333,0.0,0.0,,0.0,0.5,0.5,1.0,0.0,0.5,0.5,1.5,1.0,8,2.6,.333,.333,.000,0.0,12.8,5.9,38.3,0.0,11.7,25.0,21.1,,0.0,0.0,0.0,-0.093,,-9.8,1.0,-8.9,0.0
290,291,Jusuf Nurkic,C,27,POR,4,4,25.3,4.5,7.8,.581,0.3,1.0,.250,4.3,6.8,.630,.597,3.3,4.3,.765,2.0,9.0,11.0,1.5,1.3,0.5,2.3,2.5,12.5,101,20.6,.650,.129,.548,8.9,35.1,22.9,8.6,2.3,1.8,19.0,19.6,,0.2,0.2,0.4,.198,,-0.3,0.8,0.5,0.1
291,292,David Nwaba,SF,29,HOU,4,0,12.5,2.0,4.3,.471,0.0,0.8,.000,2.0,3.5,.571,.471,1.0,2.0,.500,0.8,2.5,3.3,1.8,1.0,0.3,0.8,1.8,5.0,50,16.1,.487,.176,.471,6.6,20.5,13.8,21.5,3.7,2.1,12.8,19.6,,0.0,0.1,0.1,.120,,-3.3,1.3,-2.0,0.0
292,293,Jordan Nwora,SF,23,MIL,5,0,23.4,3.6,9.6,.375,2.0,5.2,.385,1.6,4.4,.364,.479,1.0,1.4,.714,0.6,4.6,5.2,1.6,0.2,1.0,0.6,1.6,10.2,117,13.0,.499,.542,.146,2.6,21.1,11.7,9.8,0.4,3.8,5.5,19.4,,0.1,0.1,0.1,.053,,0.4,-2.4,-2.0,0.0
293,294,Royce O'Neale,SF,28,UTA,3,3,30.3,1.7,5.3,.313,1.0,3.7,.273,0.7,1.7,.400,.406,0.0,0.0,,1.0,3.3,4.3,1.7,1.7,1.0,0.7,1.7,4.3,91,8.0,.406,.688,.000,3.5,10.7,7.3,7.0,2.6,2.7,11.1,8.4,,0.0,0.2,0.2,.098,,-3.3,1.7,-1.7,0.0
294,295,Semi Ojeleye,PF,27,MIL,1,0,12.0,0.0,5.0,.000,0.0,5.0,.000,0.0,0.0,,.000,0.0,2.0,.000,1.0,0.0,1.0,0.0,1.0,0.0,0.0,0.0,0.0,12,-11.9,.000,1.000,.400,8.6,0.0,4.4,0.0,3.9,0.0,0.0,20.5,,-0.1,0.0,-0.1,-0.453,,-14.3,-7.8,-22.1,-0.1
295,296,Josh Okogie,SG,23,MIN,3,3,17.0,0.7,2.7,.250,0.0,0.7,.000,0.7,2.0,.333,.250,1.0,2.7,.375,1.3,2.7,4.0,1.3,1.7,0.7,0.3,1.7,2.3,51,10.4,.304,.250,1.000,7.9,15.3,11.6,10.2,4.6,3.7,8.0,10.1,,0.0,0.1,0.1,.095,,-5.4,1.6,-3.8,0.0
296,297,Isaac Okoro,SF,21,CLE,4,0,27.0,2.8,5.8,.478,0.3,1.3,.200,2.5,4.5,.556,.500,1.3,2.0,.625,1.5,1.3,2.8,1.8,0.5,0.8,0.5,2.8,7.0,108,10.1,.528,.217,.348,5.9,4.6,5.2,9.0,0.9,2.3,7.0,11.4,,0.1,0.1,0.2,.101,,-2.3,-1.0,-3.3,0.0
297,298,KZ Okpala,PF,22,MIA,3,0,3.7,0.3,0.7,.500,0.3,0.3,1.000,0.0,0.3,.000,.750,0.0,0.0,,0.0,0.7,0.7,0.0,0.0,0.0,0.0,0.3,1.0,11,8.9,.750,.500,.000,0.0,18.0,9.2,0.0,0.0,0.0,0.0,7.6,,0.0,0.0,0.0,.201,,-1.7,0.8,-1.0,0.0
298,299,Kelly Olynyk,PF,30,DET,3,1,23.7,5.7,11.0,.515,0.7,3.7,.182,5.0,7.3,.682,.545,1.7,3.3,.500,1.3,3.7,5.0,2.7,1.3,0.3,2.0,0.7,13.7,71,20.2,.548,.333,.303,5.4,17.8,11.1,21.5,2.7,1.1,13.8,25.6,,0.0,0.1,0.2,.108,,0.8,1.9,2.8,0.1
299,300,Miye Oni,SG,24,UTA,2,0,2.5,0.0,0.0,,0.0,0.0,,0.0,0.0,,,0.0,0.0,,0.0,0.0,0.0,0.0,0.0,0.0,0.0,0.5,0.0,5,-3.0,,,,0.0,0.0,0.0,0.0,0.0,0.0,,0.0,,0.0,0.0,0.0,.042,,-11.1,-1.1,-12.2,0.0
300,301,Cedi Osman,SF,26,CLE,5,0,14.0,2.2,4.8,.458,1.0,2.8,.357,1.2,2.0,.600,.563,0.4,0.6,.667,0.4,1.2,1.6,1.2,0.0,0.0,0.6,0.6,5.8,70,11.7,.573,.583,.125,3.0,8.5,5.9,12.8,0.0,0.0,10.6,17.5,,0.1,0.0,0.1,.084,,-0.1,-3.1,-3.3,0.0
301,302,Kelly Oubre Jr,SF,26,CHO,5,4,31.2,5.0,13.2,.379,2.4,7.2,.333,2.6,6.0,.433,.470,1.8,2.2,.818,1.2,3.8,5.0,1.0,0.4,0.0,0.2,2.6,14.2,156,11.2,.501,.545,.167,4.1,13.7,8.7,4.2,0.6,0.0,1.4,18.9,,0.2,0.0,0.2,.063,,-1.4,-3.2,-4.7,-0.1
302,303,Kevin Pangos,PG,29,CLE,3,0,2.7,0.0,0.7,.000,0.0,0.3,.000,0.0,0.3,.000,.000,0.0,0.0,,0.0,0.0,0.0,0.0,0.0,0.0,0.3,0.3,0.0,8,-18.4,.000,.500,.000,0.0,0.0,0.0,0.0,0.0,0.0,33.3,16.2,,-0.1,0.0,-0.1,-0.421,,-17.9,-8.0,-26.0,0.0
303,304,Jabari Parker,PF,26,BOS,2,0,13.0,4.0,5.5,.727,2.0,2.5,.800,2.0,3.0,.667,.909,0.0,0.0,,0.0,2.5,2.5,0.0,0.5,0.5,0.0,1.5,10.0,26,31.2,.909,.455,.000,0.0,20.7,10.1,0.0,1.8,3.4,0.0,18.0,,0.1,0.0,0.1,.252,,7.4,2.3,9.7,0.1
304,305,Eric Paschall,PF,25,UTA,3,0,14.3,0.7,2.7,.250,0.7,2.0,.333,0.0,0.7,.000,.375,0.0,0.0,,0.3,2.3,2.7,1.0,0.0,0.3,0.3,0.3,2.0,43,5.1,.375,.750,.000,2.5,15.8,9.5,8.8,0.0,1.9,11.1,8.9,,0.0,0.1,0.1,.059,,-3.2,-0.7,-3.9,0.0
305,306,Chris Paul,PG,36,PHO,4,4,29.5,3.8,9.5,.395,0.8,2.5,.300,3.0,7.0,.429,.434,3.8,4.0,.938,1.3,3.0,4.3,10.8,1.8,0.3,2.5,2.0,12.0,118,21.7,.533,.263,.421,4.4,10.8,7.6,50.5,2.8,0.8,18.2,20.0,,0.3,0.0,0.4,.156,,2.7,-0.3,2.4,0.1
306,307,Cameron Payne,PG,27,PHO,2,0,16.5,2.0,7.0,.286,0.5,3.0,.167,1.5,4.0,.375,.321,2.5,4.0,.625,0.5,2.0,2.5,3.5,0.5,0.0,2.0,1.5,7.0,33,7.3,.400,.429,.571,3.1,12.9,7.9,29.1,1.4,0.0,18.6,28.0,,-0.1,0.0,-0.1,-0.124,,-5.8,-3.2,-9.0,-0.1
307,308,Elfrid Payton,PG,27,PHO,2,0,19.0,5.0,9.0,.556,0.0,0.5,.000,5.0,8.5,.588,.556,2.0,3.0,.667,1.0,1.5,2.5,4.0,0.5,0.0,2.0,1.0,12.0,38,21.0,.581,.056,.333,5.5,8.4,6.9,35.9,1.3,0.0,16.2,27.9,,0.1,0.0,0.1,.087,,1.4,-3.0,-1.6,0.0
308,309,Gary Payton II,PG,29,GSW,4,0,5.5,1.3,2.0,.625,0.8,0.8,1.000,0.5,1.3,.400,.813,0.0,0.0,,0.3,0.3,0.5,0.3,0.3,0.0,0.5,0.8,3.3,22,17.9,.813,.375,.000,4.8,4.7,4.8,7.1,2.1,0.0,20.0,19.1,,0.0,0.0,0.1,.138,,0.6,-0.4,0.2,0.0
309,310,Jamorko Pickett,PF,24,DET,2,0,2.5,0.0,0.0,,0.0,0.0,,0.0,0.0,,,0.0,0.0,,0.0,0.0,0.0,0.0,0.0,0.0,0.5,0.0,0.0,5,-10.2,,,,0.0,0.0,0.0,0.0,0.0,0.0,100.0,8.4,,0.0,0.0,0.0,-0.252,,-16.1,-5.2,-21.3,0.0
310,311,Mason Plumlee,C,31,CHO,5,5,30.4,4.0,6.6,.606,0.0,0.0,,4.0,6.6,.606,.606,1.2,3.6,.333,3.0,7.2,10.2,3.0,1.2,1.2,1.4,2.2,9.2,152,16.9,.562,.000,.545,10.5,26.6,18.3,12.5,1.8,3.9,14.6,12.9,,0.3,0.2,0.4,.129,,-0.4,1.0,0.6,0.1
311,312,Jakob Poeltl,C,26,SAS,4,4,32.0,7.8,10.8,.721,0.0,0.0,,7.8,10.8,.721,.721,0.5,1.8,.286,6.3,4.5,10.8,3.5,1.0,1.3,2.0,3.0,16.0,128,26.3,.694,.000,.163,19.8,16.3,18.2,15.7,1.5,3.3,14.8,17.6,,0.5,0.2,0.7,.253,,3.5,-0.4,3.1,0.2
312,313,Aleksej Pokusevski,PF,20,OKC,5,0,12.8,1.8,5.0,.360,0.6,2.8,.214,1.2,2.2,.545,.420,0.4,0.8,.500,0.6,2.4,3.0,1.4,0.8,0.2,1.6,1.0,4.6,64,8.4,.430,.560,.160,4.7,20.6,12.4,17.1,3.0,1.5,23.0,23.4,,-0.2,0.0,-0.1,-0.108,,-5.9,-1.0,-6.9,-0.1
313,314,Jordan Poole,SG,22,GSW,4,4,27.8,6.3,15.5,.403,1.8,7.3,.241,4.5,8.3,.545,.460,1.0,1.3,.800,0.3,2.5,2.8,4.3,1.3,0.8,3.0,2.3,15.3,111,11.4,.475,.468,.081,1.0,9.4,5.2,24.0,2.1,2.6,15.7,28.8,,-0.2,0.1,0.0,-0.008,,-3.7,-2.0,-5.8,-0.1
314,315,Kevin Porter Jr,SG,21,HOU,4,4,31.0,5.0,12.5,.400,2.8,7.0,.393,2.3,5.5,.409,.510,1.5,2.5,.600,0.5,3.0,3.5,6.0,1.3,0.5,6.3,3.8,14.3,124,7.5,.524,.560,.200,1.8,9.9,6.0,29.7,1.9,1.7,31.5,26.7,,-0.3,0.1,-0.2,-0.073,,-5.3,-3.3,-8.7,-0.2
315,316,Michael Porter Jr,SF,23,DEN,4,4,31.8,4.5,13.0,.346,2.3,7.0,.321,2.3,6.0,.375,.433,0.3,0.3,1.000,1.0,4.3,5.3,2.5,1.5,0.3,1.5,3.0,11.5,127,9.0,.439,.538,.019,3.6,14.6,9.3,11.0,2.3,0.7,10.3,20.2,,-0.1,0.2,0.0,.019,,-3.1,-1.1,-4.1,-0.1
316,317,Otto Porter,PF,28,GSW,4,0,17.8,1.8,4.5,.389,0.8,2.3,.333,1.0,2.3,.444,.472,0.8,1.0,.750,1.0,4.3,5.3,1.5,1.0,0.5,0.8,2.0,5.0,71,12.7,.506,.500,.222,6.0,25.0,15.6,11.0,2.6,2.7,13.2,13.5,,0.1,0.1,0.2,.121,,-2.6,0.8,-1.8,0.0
317,318,Bobby Portis,C,26,MIL,1,0,15.0,3.0,7.0,.429,0.0,3.0,.000,3.0,4.0,.750,.429,0.0,0.0,,0.0,3.0,3.0,0.0,0.0,0.0,1.0,3.0,6.0,15,1.5,.429,.429,.000,0.0,21.4,10.5,0.0,0.0,0.0,12.5,22.3,,0.0,0.0,0.0,-0.145,,-11.0,-4.9,-15.9,-0.1
318,319,Kristaps Porzingis,C,26,DAL,3,3,26.0,4.3,14.3,.302,1.3,5.7,.235,3.0,8.7,.346,.349,2.7,3.7,.727,1.7,4.3,6.0,0.7,0.7,2.0,1.7,2.0,12.7,78,9.7,.397,.395,.256,5.7,17.0,11.0,4.2,1.2,7.2,9.5,28.6,,-0.2,0.1,-0.1,-0.055,,-4.2,-2.6,-6.9,-0.1
319,320,Dwight Powell,C,30,DAL,3,3,23.3,2.3,4.3,.538,0.0,0.7,.000,2.3,3.7,.636,.538,2.7,3.7,.727,1.3,2.0,3.3,1.3,1.3,0.7,0.7,3.7,7.3,70,14.3,.617,.154,.846,5.1,8.8,6.8,8.4,2.8,2.7,10.1,12.0,,0.1,0.1,0.2,.169,,-2.4,1.1,-1.3,0.0
320,321,Norman Powell,SF,28,POR,2,2,24.0,4.5,8.5,.529,1.5,3.5,.429,3.0,5.0,.600,.618,4.5,5.0,.900,0.0,3.5,3.5,0.0,0.0,0.0,0.5,1.5,15.0,48,18.8,.701,.412,.588,0.0,14.4,7.7,0.0,0.0,0.0,4.5,19.4,,0.2,0.0,0.2,.216,,0.5,-2.8,-2.3,0.0
321,322,Joshua Primo,SG,19,SAS,2,0,3.0,1.0,1.0,1.000,0.5,0.5,1.000,0.5,0.5,1.000,1.250,0.0,0.0,,0.5,0.0,0.5,0.0,0.0,0.0,0.0,0.0,2.5,6,40.3,1.250,.500,.000,16.9,0.0,9.0,0.0,0.0,0.0,0.0,13.9,,0.0,0.0,0.0,.336,,19.0,0.5,19.5,0.0
322,323,Taurean Prince,PF,27,MIN,4,0,14.3,1.0,3.5,.286,0.5,2.8,.182,0.5,0.8,.667,.357,1.3,1.8,.714,0.3,1.8,2.0,0.8,0.5,0.0,0.5,1.5,3.8,57,5.5,.439,.786,.500,1.8,12.0,6.9,7.1,1.6,0.0,10.5,13.8,,0.0,0.1,0.1,.047,,-5.7,-2.3,-8.0,-0.1
323,324,Payton Pritchard,SG,24,BOS,4,0,14.3,1.0,4.0,.250,1.0,3.3,.308,0.0,0.8,.000,.375,0.0,0.0,,1.3,1.8,3.0,2.3,0.0,0.3,0.5,1.8,3.0,57,7.7,.375,.813,.000,9.0,13.2,11.1,21.5,0.0,1.6,11.1,13.5,,0.0,0.0,0.0,.011,,-2.9,-3.6,-6.4,-0.1
324,325,Immanuel Quickley,PG,22,NYK,4,0,14.0,2.0,5.8,.348,1.3,4.0,.313,0.8,1.8,.429,.457,1.3,1.3,1.000,0.5,0.8,1.3,1.5,0.5,0.0,0.8,0.5,6.5,56,13.1,.516,.696,.217,3.7,5.6,4.6,15.0,1.7,0.0,10.6,21.5,,0.1,0.0,0.1,.085,,-3.2,-2.3,-5.5,0.0
325,326,Julius Randle,PF,27,NYK,4,4,37.8,9.0,21.3,.424,2.3,7.3,.310,6.8,14.0,.482,.476,5.3,6.0,.875,2.3,9.0,11.3,6.5,1.0,1.8,3.5,2.8,25.5,151,22.9,.534,.341,.282,6.2,24.8,15.5,27.9,1.3,5.0,12.8,30.9,,0.3,0.2,0.6,.180,,1.5,0.6,2.1,0.2
326,327,Austin Reaves,SG,23,LAL,4,0,19.5,2.3,4.0,.563,1.0,2.5,.400,1.3,1.5,.833,.688,0.5,0.5,1.000,0.0,1.0,1.0,1.0,0.0,0.0,0.5,1.3,6.0,78,9.0,.711,.625,.125,0.0,5.3,2.7,6.6,0.0,0.0,10.6,10.1,,0.1,0.0,0.1,.060,,-2.5,-3.0,-5.4,-0.1
327,328,Cam Reddish,SF,22,ATL,4,0,25.0,5.0,12.0,.417,2.5,5.0,.500,2.5,7.0,.357,.521,2.8,3.3,.846,1.0,2.5,3.5,1.0,1.3,0.0,1.8,1.8,15.3,100,16.7,.568,.417,.271,3.9,9.6,6.8,5.9,2.5,0.0,11.5,25.6,,0.1,0.2,0.3,.152,,0.6,-0.5,0.1,0.1
328,329,Paul Reed,PF,22,PHI,3,0,5.3,0.7,1.7,.400,0.0,0.0,,0.7,1.7,.400,.400,0.0,0.0,,1.0,1.0,2.0,1.3,0.3,0.3,0.0,0.7,1.3,16,25.3,.400,.000,.000,20.8,20.7,20.7,34.3,3.1,5.6,0.0,14.1,,0.1,0.0,0.1,.271,,2.8,2.2,5.0,0.0
329,330,Naz Reid,C,22,MIN,4,0,14.0,2.5,6.0,.417,0.5,2.5,.200,2.0,3.5,.571,.458,1.0,1.8,.571,1.0,1.8,2.8,0.3,1.3,1.3,1.0,3.3,6.5,56,13.5,.480,.417,.292,7.2,12.2,9.7,2.8,4.2,8.4,12.9,22.8,,-0.1,0.1,0.1,.079,,-6.2,0.7,-5.5,-0.1
330,331,Nick Richards,C,24,CHO,4,0,5.8,1.3,1.5,.833,0.0,0.0,,1.3,1.5,.833,.833,0.3,0.3,1.000,0.5,1.0,1.5,0.0,0.0,0.8,0.3,0.3,2.8,23,24.7,.854,.000,.167,9.2,19.5,14.2,0.0,0.0,12.9,13.4,13.3,,0.1,0.0,0.1,.219,,2.5,0.4,2.9,0.0
331,332,Josh Richardson,SG,28,BOS,4,0,17.5,1.8,4.3,.412,1.3,2.8,.455,0.5,1.5,.333,.559,0.0,0.0,,0.3,1.5,1.8,1.0,0.5,0.3,0.8,1.5,4.8,70,7.7,.559,.647,.000,1.5,9.2,5.3,8.1,1.4,1.3,15.0,12.2,,0.0,0.0,0.0,.012,,-2.0,-2.4,-4.4,0.0
332,333,Austin Rivers,SG,29,DEN,4,0,10.8,0.8,3.3,.231,0.0,1.3,.000,0.8,2.0,.375,.231,0.3,0.5,.500,0.3,0.5,0.8,0.5,0.3,0.0,0.8,0.3,1.8,43,-2.8,.252,.385,.154,2.7,5.1,3.9,5.9,1.1,0.0,17.8,17.3,,-0.2,0.0,-0.2,-0.185,,-9.6,-3.7,-13.3,-0.1
333,334,Duncan Robinson,SF,27,MIA,4,4,30.0,3.3,9.3,.351,2.5,8.0,.313,0.8,1.3,.600,.486,0.5,0.8,.667,0.0,5.3,5.3,2.0,0.3,0.5,1.3,2.8,9.5,120,7.2,.496,.865,.081,0.0,17.3,8.8,9.1,0.4,1.8,11.5,15.2,,0.0,0.3,0.3,.115,,-3.0,1.7,-1.3,0.0
334,335,Justin Robinson,PG,24,MIL,5,0,14.6,1.0,3.8,.263,0.4,2.4,.167,0.6,1.4,.429,.316,0.4,0.4,1.000,0.0,0.8,0.8,0.8,1.0,0.0,1.0,1.0,2.8,73,1.9,.352,.632,.105,0.0,5.9,2.9,7.0,3.2,0.0,20.1,14.3,,-0.2,0.0,-0.2,-0.110,,-7.5,-2.1,-9.5,-0.1
335,336,Mitchell Robinson,C,23,NYK,4,4,31.3,3.8,4.5,.833,0.0,0.0,,3.8,4.5,.833,.833,1.0,2.8,.364,4.0,6.5,10.5,1.3,0.8,1.3,1.0,4.5,8.5,125,16.7,.744,.000,.611,13.3,21.7,17.4,5.4,1.2,4.3,14.9,9.2,,0.4,0.2,0.5,.208,,-3.2,-0.4,-3.6,-0.1
336,337,Jeremiah Robinson-Earl,PF,21,OKC,5,1,16.2,2.4,4.2,.571,1.2,2.2,.545,1.2,2.0,.600,.714,0.2,0.4,.500,1.2,2.6,3.8,0.2,0.2,0.2,1.2,0.8,6.2,81,13.4,.708,.524,.095,7.5,17.7,12.4,2.0,0.6,1.2,21.5,14.8,,0.1,0.0,0.1,.046,,-0.9,-2.9,-3.9,0.0
337,338,Isaiah Roby,PF,23,OKC,4,1,10.8,2.3,4.5,.500,0.5,1.3,.400,1.8,3.3,.538,.556,1.0,1.0,1.000,1.3,1.0,2.3,0.5,0.0,0.3,0.5,1.8,6.0,43,18.5,.607,.278,.222,11.8,10.2,11.0,8.2,0.0,2.3,9.2,21.8,,0.1,0.0,0.1,.122,,0.1,-2.7,-2.6,0.0
338,339,Rajon Rondo,PG,35,LAL,4,0,17.5,2.5,6.3,.400,1.0,2.3,.444,1.5,4.0,.375,.480,0.0,0.0,,0.3,1.5,1.8,4.3,1.0,0.0,2.3,1.5,6.0,70,9.9,.480,.360,.000,1.5,8.8,5.2,32.2,2.6,0.0,26.5,20.2,,-0.1,0.0,0.0,-0.028,,-3.3,-1.3,-4.6,0.0
339,340,Derrick Rose,PG,33,NYK,4,0,23.8,5.0,10.5,.476,2.8,4.8,.579,2.3,5.8,.391,.607,1.5,1.8,.857,1.3,1.8,3.0,4.0,1.3,0.5,1.5,0.5,14.3,95,24.3,.632,.452,.167,5.5,7.7,6.6,26.1,2.5,2.3,11.7,22.9,,0.4,0.1,0.5,.237,,4.8,0.3,5.1,0.2
340,341,Terrence Ross,SG,30,ORL,5,0,26.8,4.4,10.2,.431,2.2,5.6,.393,2.2,4.6,.478,.539,2.4,2.8,.857,0.4,0.8,1.2,1.4,0.4,0.0,1.4,1.6,13.4,134,12.2,.586,.549,.275,1.7,3.2,2.5,8.9,0.7,0.0,10.9,20.6,,0.2,-0.1,0.1,.029,,-0.1,-4.7,-4.9,-0.1
341,342,Terry Rozier,SG,27,CHO,1,1,23.0,1.0,5.0,.200,0.0,2.0,.000,1.0,3.0,.333,.200,4.0,4.0,1.000,0.0,2.0,2.0,2.0,1.0,0.0,3.0,2.0,6.0,23,2.2,.444,.400,.800,0.0,9.8,4.7,9.9,2.0,0.0,30.7,17.4,,-0.1,0.0,0.0,-0.104,,-9.8,-1.9,-11.7,-0.1
342,343,Ricky Rubio,PG,31,CLE,5,2,28.2,5.2,12.0,.433,1.8,5.2,.346,3.4,6.8,.500,.508,2.2,2.4,.917,0.2,3.6,3.8,7.8,1.0,0.2,3.4,3.0,14.4,141,16.7,.551,.433,.200,0.8,12.7,6.9,43.2,1.7,0.6,20.7,25.2,,0.1,0.2,0.3,.104,,0.9,-0.9,0.0,0.1
343,344,D'Angelo Russell,PG,25,MIN,4,4,30.0,6.5,17.3,.377,2.5,8.5,.294,4.0,8.8,.457,.449,2.5,3.3,.769,0.3,4.0,4.3,4.5,0.8,0.5,3.8,1.8,18.0,120,11.3,.482,.493,.188,0.8,13.0,7.0,25.4,1.2,1.6,16.7,30.7,,-0.2,0.2,0.0,.001,,-2.8,-3.4,-6.2,-0.1
344,345,Domantas Sabonis,PF,25,IND,5,5,39.2,8.4,13.2,.636,1.2,3.0,.400,7.2,10.2,.706,.682,3.6,4.8,.750,2.6,8.8,11.4,4.2,1.4,0.4,3.8,3.0,21.6,196,22.2,.705,.227,.364,7.5,23.8,15.9,17.1,1.7,0.8,19.9,20.9,,0.6,0.1,0.7,.181,,3.9,0.6,4.5,0.3
345,346,Tomas Satoransky,SG,30,NOP,2,0,8.0,0.0,1.5,.000,0.0,0.5,.000,0.0,1.0,.000,.000,0.0,0.0,,0.0,1.0,1.0,1.0,0.5,0.0,1.0,0.5,0.0,16,-6.1,.000,.333,.000,0.0,12.0,6.2,15.7,3.0,0.0,40.0,13.1,,-0.1,0.0,-0.1,-0.255,,-16.3,-2.4,-18.8,-0.1
346,347,Dennis Schroder,SG,28,BOS,5,2,31.8,5.0,12.6,.397,2.0,5.0,.400,3.0,7.6,.395,.476,3.8,4.4,.864,0.8,3.0,3.8,6.2,1.2,0.2,2.8,2.8,15.8,159,15.7,.543,.397,.349,2.6,10.2,6.3,30.1,1.8,0.6,16.2,23.2,,0.2,0.0,0.3,.077,,-0.3,-2.5,-2.7,0.0
347,348,Jay Scrubb,SG,21,LAC,1,0,9.0,2.0,6.0,.333,1.0,2.0,.500,1.0,4.0,.250,.417,1.0,2.0,.500,0.0,1.0,1.0,0.0,0.0,0.0,0.0,3.0,6.0,9,4.1,.436,.333,.333,0.0,12.5,5.8,0.0,0.0,0.0,0.0,32.6,,0.0,0.0,0.0,-0.058,,-10.9,-4.3,-15.1,0.0
348,349,Wayne Selden,SG,27,NYK,1,0,1.0,0.0,0.0,,0.0,0.0,,0.0,0.0,,,0.0,0.0,,0.0,0.0,0.0,0.0,0.0,0.0,0.0,0.0,0.0,1,0.0,,,,0.0,0.0,0.0,0.0,0.0,0.0,,0.0,,0.0,0.0,0.0,-0.002,,-8.5,-3.0,-11.6,0.0
349,350,Alperen Sengun,PF,19,HOU,4,0,17.5,2.0,4.5,.444,0.3,1.3,.200,1.8,3.3,.538,.472,3.0,4.0,.750,1.0,2.8,3.8,2.3,2.3,0.8,2.8,3.5,7.3,70,15.6,.579,.278,.889,6.3,16.1,11.4,18.4,6.0,4.4,30.5,21.5,,0.0,0.2,0.1,.101,,-5.2,3.6,-1.7,0.0
350,351,Collin Sexton,SG,23,CLE,5,5,30.8,8.2,15.8,.519,1.4,4.8,.292,6.8,11.0,.618,.563,2.6,3.8,.684,1.0,2.2,3.2,2.0,1.0,0.0,2.6,3.2,20.4,154,16.6,.584,.304,.241,3.4,7.1,5.3,11.6,1.6,0.0,13.0,28.2,,0.1,0.1,0.3,.090,,-0.3,-1.2,-1.5,0.0
351,352,Landry Shamet,SG,24,PHO,4,0,17.5,2.0,3.8,.533,1.5,2.5,.600,0.5,1.3,.400,.733,0.3,0.5,.500,0.3,2.3,2.5,0.8,0.0,0.0,0.5,2.0,5.8,70,9.8,.724,.667,.133,1.5,13.6,7.5,5.8,0.0,0.0,11.2,11.0,,0.1,0.0,0.1,.061,,-1.8,-2.5,-4.3,0.0
352,353,Day'Ron Sharpe,PF,20,BRK,3,0,2.3,0.3,0.7,.500,0.0,0.3,.000,0.3,0.3,1.000,.500,0.0,0.0,,0.0,0.0,0.0,0.0,0.0,0.0,0.0,0.0,0.7,7,5.8,.500,.500,.000,0.0,0.0,0.0,0.0,0.0,0.0,0.0,12.6,,0.0,0.0,0.0,-0.013,,-3.9,-2.9,-6.9,0.0
353,354,Anfernee Simons,SG,22,POR,4,0,22.5,5.8,10.8,.535,2.8,5.8,.478,3.0,5.0,.600,.663,0.3,0.3,1.000,0.5,2.5,3.0,2.0,0.5,0.0,1.0,0.8,14.5,90,21.3,.668,.535,.023,2.5,10.9,7.0,14.5,1.0,0.0,8.4,22.0,,0.3,0.1,0.4,.200,,4.3,-0.8,3.5,0.1
354,355,Jericho Sims,PF,23,NYK,2,0,8.5,0.5,0.5,1.000,0.0,0.0,,0.5,0.5,1.000,1.000,0.5,1.0,.500,0.0,2.5,2.5,0.0,0.5,0.0,0.0,0.5,1.5,17,11.6,.798,.000,2.000,0.0,30.6,15.3,0.0,2.8,0.0,0.0,4.7,,0.0,0.0,0.1,.163,,-4.6,1.1,-3.5,0.0
355,356,Marcus Smart,PG,27,BOS,5,5,37.0,2.4,9.4,.255,1.6,6.8,.235,0.8,2.6,.308,.340,1.0,1.0,1.000,0.0,4.0,4.0,4.8,2.6,0.4,2.4,3.0,7.4,185,5.9,.376,.723,.106,0.0,11.6,5.7,17.6,3.4,1.0,19.6,14.1,,-0.3,0.1,-0.2,-0.046,,-6.3,-0.6,-6.9,-0.2
356,357,Dennis Smith Jr,PG,24,POR,3,0,18.3,1.7,3.3,.500,0.3,0.3,1.000,1.3,3.0,.444,.550,1.0,2.0,.500,0.3,2.0,2.3,4.3,1.3,0.7,2.0,0.7,4.7,55,14.3,.554,.100,.600,2.0,10.7,6.7,30.3,3.3,3.4,32.2,14.1,,0.0,0.1,0.1,.101,,-1.0,2.6,1.6,0.1
357,358,Ish Smith,PG,33,CHO,5,0,21.6,4.6,10.8,.426,0.2,0.2,1.000,4.4,10.6,.415,.435,0.4,1.2,.333,0.2,1.8,2.0,4.6,1.0,0.4,0.6,0.6,9.8,108,15.3,.433,.019,.111,1.0,9.4,5.1,30.0,2.2,1.8,5.0,22.6,,0.1,0.1,0.1,.058,,-1.0,-0.5,-1.6,0.0
358,359,Jalen Smith,PF,21,PHO,1,0,10.0,2.0,3.0,.667,0.0,0.0,,2.0,3.0,.667,.667,1.0,1.0,1.000,0.0,1.0,1.0,0.0,0.0,0.0,0.0,2.0,5.0,10,14.3,.727,.000,.333,0.0,10.6,5.2,0.0,0.0,0.0,0.0,14.8,,0.0,0.0,0.0,.143,,-2.7,-3.5,-6.3,0.0
359,360,Jaden Springer,SG,19,PHI,1,0,2.0,0.0,0.0,,0.0,0.0,,0.0,0.0,,,0.0,0.0,,0.0,0.0,0.0,0.0,0.0,0.0,0.0,0.0,0.0,2,0.0,,,,0.0,0.0,0.0,0.0,0.0,0.0,,0.0,,0.0,0.0,0.0,-0.029,,-5.9,-4.5,-10.4,0.0
360,361,Lamar Stevens,PF,24,CLE,3,0,8.3,0.3,2.7,.125,0.0,1.0,.000,0.3,1.7,.200,.125,0.0,0.0,,0.7,1.3,2.0,0.0,0.3,0.0,0.0,1.0,0.7,25,-2.7,.125,.375,.000,8.5,15.9,12.3,0.0,1.9,0.0,0.0,13.8,,-0.1,0.0,-0.1,-0.132,,-8.9,-0.4,-9.2,0.0
361,362,Isaiah Stewart,C,20,DET,3,3,26.3,5.0,8.3,.600,0.0,0.3,.000,5.0,8.0,.625,.600,0.3,0.3,1.000,2.7,6.3,9.0,1.7,0.3,1.3,1.7,1.7,10.3,79,18.4,.609,.040,.040,9.7,27.7,17.9,11.0,0.6,4.1,16.4,16.2,,0.1,0.1,0.2,.139,,-2.1,1.6,-0.5,0.0
362,363,Max Strus,SF,25,MIA,4,0,16.8,1.8,5.0,.350,1.0,3.8,.267,0.8,1.3,.600,.450,0.0,0.3,.000,0.3,1.8,2.0,0.5,0.3,0.3,0.0,1.3,4.5,67,6.3,.440,.750,.050,1.5,10.3,6.0,4.1,0.7,1.6,0.0,12.8,,0.0,0.2,0.2,.119,,-3.3,0.9,-2.4,0.0
363,364,Jalen Suggs,PG,20,ORL,5,5,30.0,3.6,12.6,.286,1.2,5.6,.214,2.4,7.0,.343,.333,3.2,4.0,.800,0.8,2.8,3.6,3.6,1.2,0.0,3.6,3.2,11.6,150,4.2,.404,.444,.317,3.1,9.9,6.6,19.0,1.9,0.0,20.0,25.8,,-0.5,0.0,-0.5,-0.155,,-7.2,-4.5,-11.7,-0.4
364,365,Jae'Sean Tate,SF,26,HOU,4,4,27.8,3.5,7.5,.467,0.5,1.5,.333,3.0,6.0,.500,.500,1.5,1.5,1.000,1.8,5.3,7.0,3.0,0.8,0.3,2.0,3.5,9.0,111,11.6,.551,.200,.200,6.9,19.4,13.4,15.8,1.3,0.9,19.7,15.3,,0.1,0.1,0.2,.089,,-3.9,-1.5,-5.5,-0.1
365,366,Jayson Tatum,SF,23,BOS,5,5,37.8,10.0,23.6,.424,3.0,10.0,.300,7.0,13.6,.515,.487,3.6,5.0,.720,1.2,6.8,8.0,4.0,0.4,1.0,2.6,2.8,26.6,189,17.7,.516,.424,.212,3.3,19.4,11.1,19.6,0.5,2.4,9.2,32.0,,0.1,0.0,0.2,.044,,1.0,-3.7,-2.7,0.0
366,367,Garrett Temple,SG,35,NOP,5,0,13.0,1.4,3.0,.467,0.6,1.6,.375,0.8,1.4,.571,.567,0.4,0.6,.667,0.8,1.6,2.4,0.4,0.4,0.6,0.4,1.2,3.8,65,12.5,.582,.533,.200,6.2,11.9,9.1,4.5,1.5,3.9,10.9,11.8,,0.1,0.1,0.1,.102,,-3.0,0.8,-2.1,0.0
367,368,Daniel Theis,C,29,HOU,4,4,22.5,3.3,6.5,.500,1.0,2.5,.400,2.3,4.0,.563,.577,1.3,1.5,.833,1.5,4.3,5.8,0.8,0.0,0.5,0.5,2.5,8.8,90,13.8,.611,.385,.231,7.3,19.4,13.6,5.0,0.0,2.3,6.5,14.2,,0.2,0.1,0.3,.140,,-1.2,-2.6,-3.9,0.0
368,369,Cameron Thomas,SG,20,BRK,4,0,2.8,0.0,1.3,.000,0.0,0.5,.000,0.0,0.8,.000,.000,0.5,0.5,1.000,0.0,0.3,0.3,0.0,0.0,0.0,0.3,0.0,0.5,11,-13.5,.170,.400,.400,0.0,8.7,4.5,0.0,0.0,0.0,14.5,27.5,,-0.1,0.0,-0.1,-0.484,,-17.2,-8.6,-25.7,-0.1
369,370,Matt Thomas,SG,27,CHI,1,0,2.0,0.0,1.0,.000,0.0,0.0,,0.0,1.0,.000,.000,0.0,0.0,,0.0,0.0,0.0,0.0,0.0,0.0,0.0,0.0,0.0,2,-20.0,.000,.000,.000,0.0,0.0,0.0,0.0,0.0,0.0,0.0,22.2,,0.0,0.0,0.0,-0.528,,-16.8,-13.6,-30.4,0.0
370,371,Tristan Thompson,PF,30,SAC,3,0,13.0,2.0,3.7,.545,0.0,0.0,,2.0,3.7,.545,.545,0.0,0.0,,1.3,3.3,4.7,0.0,0.0,0.0,0.7,1.3,4.0,39,9.9,.545,.000,.000,10.4,25.8,18.1,0.0,0.0,0.0,15.4,13.8,,0.0,0.0,0.0,.028,,-3.8,-3.6,-7.4,-0.1
371,372,JT Thor,PF,19,CHO,2,0,1.0,0.0,0.0,,0.0,0.0,,0.0,0.0,,,0.0,0.0,,0.0,0.0,0.0,0.0,0.0,0.0,0.0,0.0,0.0,2,0.0,,,,0.0,0.0,0.0,0.0,0.0,0.0,,0.0,,0.0,0.0,0.0,-0.023,,-5.0,-2.8,-7.8,0.0
372,373,Matisse Thybulle,SG,24,PHI,4,0,22.5,1.8,3.8,.467,0.3,1.5,.167,1.5,2.3,.667,.500,0.0,0.0,,0.3,2.0,2.3,1.0,1.8,1.5,1.0,1.3,3.8,90,10.2,.500,.400,.000,1.2,9.8,5.5,5.7,3.9,5.9,21.1,9.5,,-0.1,0.1,0.1,.034,,-4.1,1.6,-2.5,0.0
373,374,Killian Tillie,C,23,MEM,1,0,6.0,0.0,4.0,.000,0.0,3.0,.000,0.0,1.0,.000,.000,0.0,0.0,,1.0,0.0,1.0,0.0,2.0,0.0,1.0,0.0,0.0,6,-11.3,.000,.750,.000,17.2,0.0,8.8,0.0,16.1,0.0,20.0,33.3,,-0.1,0.0,-0.1,-0.589,,-19.3,-3.6,-22.8,0.0
374,375,Xavier Tillman Sr,PF,23,MEM,2,0,14.5,2.0,4.0,.500,0.5,2.0,.250,1.5,2.0,.750,.563,0.5,1.0,.500,1.5,2.0,3.5,0.5,2.0,0.5,1.0,0.5,5.0,29,19.2,.563,.500,.250,10.7,14.9,12.7,4.5,6.7,3.1,18.4,15.0,,0.0,0.0,0.1,.089,,1.1,1.6,2.7,0.0
375,376,Isaiah Todd,PF,20,WAS,1,0,5.0,1.0,2.0,.500,1.0,2.0,.500,0.0,0.0,,.750,1.0,2.0,.500,0.0,1.0,1.0,0.0,1.0,0.0,0.0,0.0,4.0,5,36.1,.694,1.000,1.000,0.0,19.9,10.5,0.0,9.6,0.0,0.0,25.0,,0.0,0.0,0.0,.400,,10.6,17.0,27.6,0.0
376,377,Obi Toppin,PF,23,NYK,4,0,19.0,4.0,7.0,.571,0.5,2.8,.182,3.5,4.3,.824,.607,1.0,2.3,.444,1.3,2.0,3.3,1.3,1.0,0.8,0.8,2.0,9.5,76,19.5,.594,.393,.321,6.8,11.0,8.9,10.2,2.5,4.3,8.6,19.6,,0.2,0.1,0.3,.173,,-1.7,0.6,-1.1,0.0
377,378,Juan Toscano-Anderson,SF,28,GSW,4,0,12.8,1.3,2.8,.455,1.0,2.0,.500,0.3,0.8,.333,.636,0.8,1.0,.750,0.5,1.3,1.8,1.3,0.5,0.3,0.5,1.5,4.3,51,13.5,.666,.727,.364,4.2,10.2,7.2,12.8,1.8,1.9,13.6,12.1,,0.1,0.1,0.2,.164,,-0.6,-0.2,-0.8,0.0
378,379,Karl-Anthony Towns,C,26,MIN,4,4,34.0,10.0,18.0,.556,3.3,6.3,.520,6.8,11.8,.574,.646,4.8,5.0,.950,3.3,4.5,7.8,4.0,1.3,2.5,4.5,3.3,28.0,136,29.5,.693,.347,.278,9.6,12.9,11.3,22.9,1.7,6.9,18.2,29.8,,0.5,0.3,0.8,.273,,7.2,1.4,8.6,0.4
379,380,Gary Trent Jr,SG,23,TOR,5,4,32.8,4.6,13.0,.354,2.0,6.0,.333,2.6,7.0,.371,.431,2.4,3.0,.800,0.8,2.8,3.6,1.0,2.8,0.2,0.6,2.4,13.6,164,12.9,.475,.462,.231,2.4,9.5,5.7,4.6,4.2,0.6,4.0,18.6,,0.1,0.3,0.5,.139,,-3.2,2.0,-1.2,0.0
380,381,PJ Tucker,PF,36,MIA,4,4,27.8,2.0,5.3,.381,1.3,3.3,.385,0.8,2.0,.375,.500,0.5,0.8,.667,1.3,4.0,5.3,1.5,0.3,0.0,0.3,2.5,5.8,111,7.8,.515,.619,.143,4.6,14.3,9.5,7.1,0.4,0.0,4.3,8.8,,0.1,0.3,0.4,.168,,-2.7,1.8,-0.9,0.0
381,382,Myles Turner,C,25,IND,5,5,24.4,5.0,9.2,.543,1.6,4.4,.364,3.4,4.8,.708,.630,2.0,3.2,.625,1.8,4.6,6.4,0.4,0.2,2.6,2.2,3.0,13.6,122,19.4,.641,.478,.348,8.3,20.0,14.3,2.6,0.4,8.5,17.2,22.5,,0.2,0.1,0.3,.114,,0.8,-0.6,0.2,0.1
382,383,Jonas Valanciunas,C,29,NOP,5,5,34.8,6.0,14.4,.417,0.2,0.6,.333,5.8,13.8,.420,.424,4.8,4.8,1.000,4.8,10.2,15.0,2.8,0.8,1.2,1.0,3.6,17.0,174,21.8,.515,.042,.333,13.9,28.3,21.2,12.9,1.1,2.9,5.7,21.0,,0.5,0.2,0.7,.201,,0.5,-0.5,0.0,0.1
383,384,Denzel Valentine,SG,28,CLE,3,0,1.3,0.0,0.0,,0.0,0.0,,0.0,0.0,,,0.0,0.0,,0.0,0.0,0.0,0.0,0.3,0.0,0.0,0.0,0.0,4,13.0,,,,0.0,0.0,0.0,0.0,12.1,0.0,,0.0,,0.0,0.0,0.0,.167,,-3.1,9.7,6.6,0.0
384,385,Jarred Vanderbilt,PF,22,MIN,4,1,16.8,1.5,2.3,.667,0.0,0.0,,1.5,2.3,.667,.667,1.0,1.0,1.000,2.0,4.0,6.0,1.3,1.5,0.0,0.8,2.0,4.0,67,17.9,.743,.000,.444,12.0,23.3,17.7,10.4,4.2,0.0,21.8,8.4,,0.2,0.2,0.4,.251,,-0.8,1.9,1.1,0.1
385,386,Fred VanVleet,SG,27,TOR,5,5,38.0,6.4,15.6,.410,2.4,6.8,.353,4.0,8.8,.455,.487,1.6,2.2,.727,1.8,3.8,5.6,8.2,1.8,0.4,4.2,2.4,16.8,190,15.4,.507,.436,.141,4.6,11.2,7.6,34.2,2.3,1.0,20.2,22.3,,0.1,0.3,0.4,.107,,0.4,0.3,0.7,0.1
386,387,Devin Vassell,SF,21,SAS,4,0,25.0,4.8,10.3,.463,2.3,5.0,.450,2.5,5.3,.476,.573,0.3,1.0,.250,1.3,2.8,4.0,2.0,1.8,0.0,0.5,2.3,12.0,100,17.2,.561,.488,.098,5.1,12.7,8.7,10.7,3.3,0.0,4.5,18.7,,0.2,0.1,0.3,.152,,1.1,0.5,1.6,0.1
387,388,Gabe Vincent,PG,25,MIA,4,1,9.8,1.0,1.5,.667,0.3,0.8,.333,0.8,0.8,1.000,.750,0.0,0.0,,0.5,0.8,1.3,1.5,0.0,0.0,1.0,1.5,2.3,39,7.8,.750,.500,.000,5.3,7.6,6.5,20.9,0.0,0.0,40.0,10.8,,0.0,0.1,0.1,.134,,-4.6,1.6,-3.1,0.0
388,389,Nikola Vucevic,C,31,CHI,4,4,33.5,6.3,15.8,.397,0.8,3.5,.214,5.5,12.3,.449,.421,1.0,1.5,.667,2.3,9.3,11.5,3.3,2.3,1.3,2.5,2.0,14.3,134,15.0,.434,.222,.095,7.5,29.3,18.6,15.2,3.2,3.1,13.2,25.1,,-0.2,0.4,0.2,.069,,-1.3,-1.5,-2.8,0.0
389,390,Dean Wade,PF,25,CLE,2,0,3.5,0.5,1.5,.333,0.5,1.5,.333,0.0,0.0,,.500,0.0,0.0,,0.0,1.0,1.0,0.0,0.5,0.0,0.0,0.0,1.5,7,17.7,.500,1.000,.000,0.0,28.3,14.7,0.0,6.9,0.0,0.0,18.5,,0.0,0.0,0.0,.159,,2.7,1.9,4.6,0.0
390,391,Franz Wagner,SF,20,ORL,5,5,32.8,5.4,10.4,.519,2.0,4.8,.417,3.4,5.6,.607,.615,0.8,1.2,.667,0.8,2.8,3.6,1.8,1.0,0.8,1.0,2.2,13.6,164,14.8,.622,.462,.115,2.8,9.0,6.1,9.4,1.5,2.2,8.4,15.7,,0.3,0.0,0.3,.080,,1.4,-1.7,-0.4,0.1
391,392,Moritz Wagner,C,24,ORL,5,0,12.8,1.8,5.2,.346,1.0,3.6,.278,0.8,1.6,.500,.442,1.0,1.6,.625,0.6,2.4,3.0,0.8,0.0,0.2,1.0,2.0,5.6,64,7.4,.474,.692,.308,5.4,19.8,13.0,10.3,0.0,1.4,14.5,23.3,,-0.1,0.0,-0.1,-0.060,,-3.9,-4.4,-8.3,-0.1
392,393,Kemba Walker,PG,31,NYK,4,4,26.3,4.5,9.8,.462,3.3,6.3,.520,1.3,3.5,.357,.628,0.3,0.5,.500,0.0,2.8,2.8,3.0,1.0,0.5,1.5,1.8,12.5,105,15.7,.627,.641,.051,0.0,10.9,5.4,16.7,1.8,2.1,13.1,18.6,,0.2,0.1,0.3,.133,,-0.2,0.0,-0.2,0.1
393,394,Lonnie Walker,SG,23,SAS,4,0,25.5,5.5,12.0,.458,2.5,6.5,.385,3.0,5.5,.545,.563,1.8,2.0,.875,0.0,3.5,3.5,3.3,0.8,0.3,1.0,1.8,15.3,102,18.7,.592,.542,.167,0.0,15.9,7.4,17.6,1.4,0.8,7.2,22.7,,0.3,0.1,0.3,.164,,1.9,-0.5,1.4,0.1
394,395,Brad Wanamaker,PG,32,IND,2,0,11.0,1.0,3.0,.333,0.5,1.0,.500,0.5,2.0,.250,.417,1.5,2.0,.750,0.5,1.0,1.5,2.5,0.0,0.5,1.5,1.0,4.0,22,11.2,.515,.333,.667,5.1,9.6,7.5,30.3,0.0,3.6,27.9,21.0,,0.0,0.0,0.0,.011,,0.1,-3.2,-3.1,0.0
395,396,PJ Washington,PF,23,CHO,3,0,23.3,2.0,7.0,.286,0.7,3.3,.200,1.3,3.7,.364,.333,1.3,1.3,1.000,1.7,3.7,5.3,2.3,0.7,0.3,1.0,1.3,6.0,70,8.9,.395,.476,.190,7.6,17.7,12.5,12.0,1.3,1.4,11.6,15.1,,0.0,0.0,0.0,.015,,-3.8,-0.8,-4.6,0.0
396,397,Russell Westbrook,PG,33,LAL,5,5,36.2,7.6,18.0,.422,0.8,4.6,.174,6.8,13.4,.507,.444,1.8,3.8,.474,1.6,7.8,9.4,9.4,2.0,0.2,6.0,4.2,17.8,181,12.7,.452,.256,.211,4.7,22.2,13.5,37.7,2.5,0.5,23.4,29.5,,-0.3,0.2,-0.2,-0.047,,-4.7,-0.8,-5.5,-0.2
397,398,Derrick White,SG,27,SAS,4,4,32.5,5.0,11.5,.435,1.8,5.5,.318,3.3,6.0,.542,.511,1.5,2.0,.750,0.0,3.3,3.3,6.5,2.0,1.0,1.8,2.3,13.3,130,16.5,.535,.478,.174,0.0,11.6,5.4,25.5,2.9,2.6,12.4,18.1,,0.2,0.2,0.4,.132,,0.3,1.3,1.6,0.1
398,399,Hassan Whiteside,C,32,UTA,3,0,16.3,3.0,4.7,.643,0.0,0.0,,3.0,4.7,.643,.643,2.0,2.0,1.000,2.0,5.7,7.7,0.3,0.3,1.3,0.7,3.7,8.0,49,25.4,.721,.000,.429,13.2,33.8,24.0,3.1,1.0,6.8,10.7,16.2,,0.2,0.1,0.4,.361,,-0.8,2.2,1.3,0.0
399,400,Andrew Wiggins,PF,26,GSW,4,4,29.5,6.5,13.8,.473,1.8,5.3,.333,4.8,8.5,.559,.536,2.0,2.8,.727,1.8,3.5,5.3,2.0,1.3,0.5,1.5,1.3,16.8,118,17.8,.560,.382,.200,6.3,12.4,9.4,10.5,2.0,1.6,9.1,23.4,,0.2,0.1,0.3,.130,,0.7,-1.8,-1.1,0.0
400,401,Grant Williams,PF,23,BOS,5,1,22.6,3.4,5.6,.607,2.0,3.6,.556,1.4,2.0,.700,.786,1.8,2.0,.900,0.2,1.8,2.0,1.8,0.4,0.6,0.6,2.4,10.6,113,18.5,.818,.643,.357,0.9,8.6,4.7,12.2,0.8,2.4,8.5,13.4,,0.5,0.0,0.5,.192,,2.8,-1.8,1.0,0.1
401,402,Kenrich Williams,PF,27,OKC,5,0,20.6,3.2,6.2,.516,1.2,2.2,.545,2.0,4.0,.500,.613,0.6,1.2,.500,0.8,2.2,3.0,1.6,0.4,0.2,1.2,2.2,8.2,103,12.6,.609,.355,.194,3.9,11.8,7.7,12.5,0.9,0.9,15.1,16.6,,0.1,0.0,0.1,.047,,-2.0,-2.2,-4.2,-0.1
402,403,Lou Williams,PG,35,ATL,1,0,17.0,3.0,6.0,.500,1.0,2.0,.500,2.0,4.0,.500,.583,2.0,2.0,1.000,0.0,2.0,2.0,2.0,1.0,1.0,1.0,0.0,9.0,17,23.3,.654,.333,.333,0.0,11.2,5.7,16.7,2.9,5.0,12.7,19.5,,0.1,0.0,0.1,.261,,3.7,1.6,5.3,0.0
403,404,Patrick Williams,PF,20,CHI,4,4,27.0,2.8,4.5,.611,0.8,1.3,.600,2.0,3.3,.615,.694,0.5,0.5,1.000,0.3,2.0,2.3,0.8,0.5,0.5,0.5,2.0,6.8,108,9.5,.715,.278,.111,1.0,7.9,4.5,3.9,0.9,1.5,9.6,8.6,,0.1,0.2,0.3,.138,,-1.2,-3.0,-4.2,-0.1
404,405,Robert Williams,C,24,BOS,5,5,33.4,4.2,5.8,.724,0.0,0.0,,4.2,5.8,.724,.724,2.0,3.0,.667,3.4,5.8,9.2,1.8,1.2,3.2,1.0,1.8,10.4,167,21.1,.730,.000,.517,10.5,18.7,14.5,7.9,1.7,8.5,12.3,10.4,,0.5,0.2,0.7,.197,,1.4,0.3,1.8,0.1
405,406,Ziaire Williams,SF,20,MEM,4,0,17.5,1.3,3.8,.333,1.3,3.0,.417,0.0,0.8,.000,.500,0.5,0.5,1.000,0.5,1.0,1.5,0.8,0.5,0.0,1.0,1.8,4.3,70,5.0,.535,.800,.133,2.9,6.2,4.5,5.1,1.4,0.0,20.1,11.3,,0.0,-0.1,-0.1,-0.035,,-4.2,-3.4,-7.6,-0.1
406,407,Dylan Windler,SF,25,CLE,2,0,1.0,0.0,0.0,,0.0,0.0,,0.0,0.0,,,0.0,0.0,,0.0,0.0,0.0,0.0,0.0,0.0,0.0,0.0,0.0,2,0.0,,,,0.0,0.0,0.0,0.0,0.0,0.0,,0.0,,0.0,0.0,0.0,.011,,-4.9,-0.8,-5.8,0.0
407,408,Justise Winslow,SF,25,LAC,3,0,16.3,2.0,5.3,.375,0.0,0.7,.000,2.0,4.7,.429,.375,0.3,0.7,.500,1.0,2.3,3.3,2.0,1.0,0.7,2.0,2.0,4.3,49,6.6,.385,.125,.125,6.0,16.1,10.7,17.2,2.9,3.6,26.2,19.9,,-0.2,0.1,-0.1,-0.058,,-7.7,0.5,-7.2,-0.1
408,409,Christian Wood,C,26,HOU,4,4,34.3,7.5,16.0,.469,2.5,5.5,.455,5.0,10.5,.476,.547,3.3,4.8,.684,2.8,9.5,12.3,2.0,0.5,1.0,1.3,2.5,20.8,137,21.1,.574,.344,.297,8.8,28.5,19.0,9.8,0.7,3.0,6.5,23.6,,0.4,0.2,0.5,.185,,2.4,-2.7,-0.3,0.1
409,410,Delon Wright,SG,29,ATL,4,0,14.5,1.5,4.0,.375,0.3,1.3,.200,1.3,2.8,.455,.406,0.0,0.0,,1.5,2.8,4.3,2.5,0.3,0.0,0.3,0.3,3.3,58,14.3,.406,.313,.000,10.1,18.1,14.2,22.2,0.8,0.0,5.9,12.4,,0.1,0.1,0.2,.155,,0.3,0.7,1.0,0.0
410,411,McKinley Wright IV,PG,23,MIN,1,0,4.0,1.0,1.0,1.000,1.0,1.0,1.000,0.0,0.0,,1.500,0.0,0.0,,0.0,0.0,0.0,0.0,0.0,0.0,1.0,0.0,3.0,4,18.7,1.500,1.000,.000,0.0,0.0,0.0,0.0,0.0,0.0,50.0,20.5,,0.0,0.0,0.0,-0.114,,4.9,-5.9,-1.0,0.0
411,412,Thaddeus Young,PF,33,SAS,2,0,6.0,0.5,1.5,.333,0.0,0.0,,0.5,1.5,.333,.333,0.0,0.0,,0.5,0.0,0.5,0.5,0.0,0.0,1.0,1.0,1.0,12,-5.0,.333,.000,.000,8.5,0.0,4.5,9.7,0.0,0.0,40.0,17.4,,-0.1,0.0,-0.1,-0.211,,-11.7,-4.6,-16.3,0.0
412,413,Trae Young,PG,23,ATL,4,4,34.3,10.0,21.5,.465,1.8,5.5,.318,8.3,16.0,.516,.506,4.8,4.8,1.000,0.3,2.8,3.0,9.3,1.0,0.0,3.0,0.8,26.5,137,26.1,.562,.256,.221,0.7,7.7,4.2,45.9,1.4,0.0,11.3,32.7,,0.5,0.2,0.7,.252,,6.2,-0.1,6.1,0.3
413,414,Omer Yurtseven,C,23,MIA,3,0,3.7,1.3,2.0,.667,0.0,0.0,,1.3,2.0,.667,.667,0.0,0.3,.000,0.0,1.0,1.0,0.0,0.0,0.0,0.0,0.0,2.7,11,23.4,.621,.000,.167,0.0,27.0,13.7,0.0,0.0,0.0,0.0,24.6,,0.0,0.0,0.0,.211,,1.3,-0.4,0.9,0.0
414,415,Cody Zeller,C,29,POR,4,0,17.5,2.3,3.3,.692,0.0,0.0,,2.3,3.3,.692,.692,2.5,4.0,.625,1.8,3.3,5.0,0.8,0.5,0.3,0.8,2.8,7.0,70,17.3,.699,.000,1.231,11.2,18.3,15.0,5.8,1.3,1.3,13.0,13.7,,0.2,0.1,0.3,.215,,-1.4,-0.1,-1.5,0.0
415,416,Ivica Zubac,C,24,LAC,4,4,21.5,4.0,6.5,.615,0.0,0.0,,4.0,6.5,.615,.615,2.3,3.8,.600,1.8,4.0,5.8,2.5,0.5,0.3,0.3,1.8,10.3,86,21.8,.629,.000,.577,7.9,21.0,14.0,18.0,1.1,1.0,3.0,16.6,,0.3,0.1,0.5,.262,,2.6,0.4,3.0,0.1
