,Unnamed: 0,Team,Age,W,L,PW,PL,MOV,SOS,SRS,ORtg,DRtg,NRtg,Pace,FTr,3PAr,TS%,eFG%,TOV%,ORB%,FT/FGA,Opp eFG%,Opp TOV%,DRB%,Opp FT/FGA,Arena,Attend.,Attend./G
0,0,Dallas Mavericks,28.1,60.0,22.0,62,20,7.78,0.12,7.9,110.7,102.3,8.4,92.5,0.257,0.239,0.543,0.498,10.9,25.4,0.213,0.473,14.8,70.9,0.221,American Airlines Center,816429,19913
1,1,Sacramento Kings,28.3,59.0,23.0,59,23,6.5,0.18,6.68,105.9,99.1,6.8,95.4,0.262,0.184,0.535,0.499,13.3,25.6,0.196,0.446,13.6,70.6,0.204,ARCO Arena (II),709997,17317
2,2,San Antonio Spurs,28.4,60.0,22.0,57,25,5.41,0.23,5.65,105.6,99.7,5.9,90.0,0.348,0.202,0.541,0.497,15.1,28.8,0.253,0.453,14.2,71.3,0.199,SBC Center,735970,17950
3,3,New Jersey Nets,27.3,49.0,33.0,56,26,5.22,-0.8,4.42,103.8,98.1,5.7,91.6,0.333,0.158,0.518,0.468,13.8,28.7,0.252,0.46,15.7,73.1,0.225,Continental Airlines Arena,622574,15185
4,4,Detroit Pistons,29.0,50.0,32.0,52,30,3.68,-0.71,2.97,104.1,99.9,4.2,86.8,0.322,0.237,0.523,0.473,13.3,25.9,0.248,0.461,13.9,74.0,0.225,The Palace of Auburn Hills,839278,20470
5,5,Indiana Pacers,25.9,48.0,34.0,51,31,3.49,-0.7,2.79,104.6,100.8,3.8,91.6,0.344,0.169,0.522,0.469,13.7,29.0,0.263,0.458,14.3,72.3,0.228,Conseco Fieldhouse,670461,16353
6,6,Portland Trail Blazers,29.2,50.0,32.0,49,33,2.61,0.36,2.97,105.5,102.6,2.9,89.4,0.3,0.177,0.531,0.489,14.5,30.2,0.223,0.483,14.9,72.3,0.194,Rose Garden Arena,796258,19421
7,7,Utah Jazz,30.9,47.0,35.0,48,34,2.39,0.37,2.76,105.5,102.8,2.7,89.3,0.38,0.104,0.537,0.486,16.0,32.5,0.283,0.468,15.2,70.2,0.256,Delta Center,786034,19172
8,8,Los Angeles Lakers,28.1,50.0,32.0,48,34,2.33,0.38,2.71,107.2,104.7,2.5,92.5,0.311,0.199,0.528,0.486,13.3,30.2,0.228,0.477,13.4,72.7,0.241,STAPLES Center,777888,18973
9,9,Philadelphia 76ers,28.3,48.0,34.0,48,34,2.3,-0.55,1.76,105.0,102.5,2.5,91.4,0.339,0.119,0.52,0.466,13.7,30.3,0.263,0.488,16.2,72.7,0.243,First Union Center,807097,19685
10,10,Minnesota Timberwolves,28.2,51.0,31.0,47,35,2.07,0.39,2.46,106.1,103.8,2.3,91.9,0.268,0.118,0.528,0.488,12.9,28.2,0.206,0.472,12.7,72.9,0.203,Target Center,643684,15700
11,11,New Orleans Hornets,29.1,47.0,35.0,47,35,2.11,-0.59,1.52,103.9,101.6,2.3,89.4,0.285,0.161,0.511,0.465,13.9,31.7,0.219,0.464,14.0,73.1,0.226,New Orleans Arena,641683,15651
12,12,Houston Rockets,25.9,43.0,39.0,46,36,1.48,0.42,1.89,104.3,102.6,1.7,88.8,0.316,0.196,0.522,0.474,14.8,30.3,0.243,0.462,12.6,72.4,0.209,Compaq Center,565166,13785
13,13,Phoenix Suns,25.2,44.0,38.0,44,38,1.13,0.43,1.57,103.7,102.5,1.2,91.5,0.285,0.17,0.514,0.473,13.7,29.7,0.211,0.47,14.8,70.3,0.222,America West Arena,666559,16258
14,14,Orlando Magic,26.9,42.0,40.0,41,41,0.13,-0.53,-0.39,105.2,105.0,0.2,93.1,0.307,0.235,0.526,0.478,13.3,27.0,0.239,0.486,15.1,71.1,0.25,TD Waterhouse Centre,605901,14778
15,15,Milwaukee Bucks,29.3,42.0,40.0,42,40,0.23,-0.48,-0.24,108.8,108.6,0.2,90.4,0.287,0.229,0.543,0.5,12.2,25.6,0.222,0.494,13.5,69.9,0.237,Bradley Center,665966,16243
16,16,Seattle SuperSonics,26.9,40.0,42.0,41,41,-0.12,0.49,0.37,103.7,103.9,-0.2,88.0,0.27,0.196,0.512,0.472,12.8,28.1,0.201,0.484,14.3,71.8,0.21,KeyArena at Seattle Center,637194,15541
17,17,Boston Celtics,26.9,44.0,38.0,40,42,-0.39,-0.36,-0.75,101.2,101.6,-0.4,90.9,0.306,0.331,0.514,0.47,13.4,23.6,0.227,0.471,15.1,72.5,0.242,FleetCenter,709049,17294
18,18,Washington Wizards,28.4,37.0,45.0,38,44,-1.01,-0.46,-1.47,103.0,104.1,-1.1,88.2,0.325,0.127,0.513,0.46,13.0,27.3,0.253,0.477,13.8,71.6,0.212,MCI Center,827093,20173
19,19,Golden State Warriors,24.4,38.0,44.0,38,44,-1.13,0.54,-0.6,108.3,109.5,-1.2,94.2,0.343,0.178,0.526,0.472,13.9,35.0,0.267,0.482,12.2,67.9,0.22,The Arena in Oakland,634935,15486
20,20,New York Knicks,30.2,37.0,45.0,37,45,-1.35,-0.26,-1.61,104.7,106.2,-1.5,90.7,0.241,0.235,0.528,0.486,13.4,24.4,0.196,0.485,13.7,71.8,0.261,Madison Square Garden (IV),779479,19012
21,21,Memphis Grizzlies,24.9,28.0,54.0,32,50,-3.23,0.63,-2.6,103.9,107.3,-3.4,92.7,0.287,0.19,0.526,0.487,14.2,27.0,0.212,0.491,13.4,68.7,0.197,Pyramid Arena,611322,14910
22,22,Atlanta Hawks,27.2,35.0,47.0,31,51,-3.56,-0.31,-3.87,102.3,106.1,-3.8,91.0,0.313,0.177,0.527,0.476,15.7,27.9,0.248,0.469,12.1,70.4,0.222,Philips Arena,528655,12894
23,23,Los Angeles Clippers,25.3,27.0,55.0,29,53,-4.12,0.68,-3.45,102.3,106.8,-4.5,91.3,0.335,0.182,0.516,0.467,14.8,29.1,0.252,0.481,13.1,70.2,0.222,STAPLES Center,706471,17231
24,24,Chicago Bulls,25.2,30.0,52.0,27,55,-5.13,-0.17,-5.31,100.2,105.6,-5.4,93.5,0.3,0.148,0.512,0.471,15.4,27.7,0.217,0.47,13.3,69.5,0.263,United Center,804309,19617
25,25,Miami Heat,26.5,25.0,57.0,25,57,-5.05,-0.08,-5.13,96.7,102.4,-5.7,87.8,0.259,0.169,0.483,0.439,13.8,26.8,0.198,0.47,14.1,73.9,0.257,AmericanAirlines Arena,628242,15323
26,26,Toronto Raptors,27.6,24.0,58.0,24,58,-5.87,-0.23,-6.1,100.5,107.0,-6.5,89.9,0.282,0.179,0.497,0.458,13.6,28.2,0.203,0.489,13.1,70.7,0.226,Air Canada Centre,777507,18964
27,27,Denver Nuggets,24.1,17.0,65.0,17,65,-8.28,0.87,-7.41,92.2,101.3,-9.1,91.0,0.283,0.126,0.469,0.428,17.1,31.3,0.198,0.477,16.5,73.3,0.29,Pepsi Center,607813,14825
28,28,Cleveland Cavaliers,23.5,17.0,65.0,16,66,-9.62,0.04,-9.59,96.5,106.7,-10.2,94.0,0.298,0.133,0.491,0.444,16.4,31.0,0.223,0.484,13.0,73.2,0.252,Gund Arena,471374,11497
0,0,San Antonio Spurs,27.3,57.0,25.0,62,20,7.22,0.29,7.51,102.2,94.1,8.1,89.2,0.322,0.177,0.511,0.473,14.1,29.5,0.219,0.433,14.8,74.6,0.215,SBC Center,739706,18042
1,1,Detroit Pistons,27.4,54.0,28.0,59,23,5.84,-0.81,5.04,102.0,95.4,6.6,87.9,0.328,0.153,0.511,0.461,14.7,30.1,0.247,0.441,15.5,71.8,0.202,The Palace of Auburn Hills,872902,21290
2,2,Indiana Pacers,27.1,61.0,21.0,58,24,5.76,-0.82,4.93,103.8,97.2,6.6,87.5,0.319,0.203,0.52,0.471,14.1,28.5,0.243,0.459,15.7,73.9,0.218,Conseco Fieldhouse,678326,16545
3,3,Minnesota Timberwolves,29.7,58.0,24.0,57,25,5.49,0.37,5.86,105.9,99.7,6.2,89.0,0.265,0.137,0.528,0.486,12.4,26.7,0.207,0.444,12.9,72.5,0.215,Target Center,723071,17636
4,4,Sacramento Kings,29.3,55.0,27.0,55,27,5.01,0.4,5.41,110.3,104.9,5.4,92.8,0.305,0.223,0.554,0.507,13.0,26.0,0.242,0.483,13.7,69.8,0.193,ARCO Arena (II),709997,17317
5,5,Dallas Mavericks,27.4,52.0,30.0,53,29,4.44,0.42,4.86,112.1,107.4,4.7,93.2,0.256,0.201,0.536,0.495,11.1,31.4,0.204,0.498,13.9,71.6,0.214,American Airlines Center,825594,20136
6,6,Los Angeles Lakers,29.8,56.0,26.0,52,30,3.9,0.45,4.35,105.5,101.3,4.2,92.3,0.352,0.167,0.522,0.481,12.8,28.1,0.244,0.471,14.3,73.3,0.222,STAPLES Center,777757,18970
7,7,New Jersey Nets,27.7,47.0,35.0,49,33,2.5,-0.63,1.88,100.8,98.0,2.8,89.4,0.291,0.176,0.515,0.471,14.4,25.9,0.219,0.46,15.7,73.9,0.221,Continental Airlines Arena,613051,14952
8,8,Memphis Grizzlies,26.0,50.0,32.0,48,34,2.44,0.52,2.95,104.8,102.2,2.6,91.4,0.322,0.197,0.522,0.479,13.9,29.5,0.234,0.465,15.7,68.4,0.251,Pyramid Arena,622723,15188
9,9,Houston Rockets,28.3,45.0,37.0,47,35,1.73,0.55,2.28,100.9,99.0,1.9,87.8,0.286,0.227,0.528,0.484,16.4,26.5,0.221,0.447,13.1,74.5,0.233,Toyota Center,640794,15629
10,10,Denver Nuggets,25.6,43.0,39.0,44,38,1.07,0.58,1.65,103.9,102.7,1.2,93.3,0.319,0.146,0.517,0.467,14.2,30.5,0.245,0.481,15.6,69.3,0.221,Pepsi Center,721476,17597
11,11,Milwaukee Bucks,26.5,41.0,41.0,44,38,1.06,-0.64,0.42,106.5,105.4,1.1,91.6,0.33,0.172,0.528,0.477,12.7,27.6,0.255,0.485,13.3,71.8,0.213,Bradley Center,690180,16834
12,12,Miami Heat,26.4,42.0,40.0,43,39,0.52,-0.65,-0.13,102.2,101.7,0.5,88.0,0.298,0.211,0.51,0.463,13.5,27.4,0.227,0.463,14.5,73.4,0.26,AmericanAirlines Arena,624809,15239
13,13,New Orleans Hornets,30.3,41.0,41.0,41,41,-0.1,-0.62,-0.72,102.3,102.4,-0.1,89.1,0.293,0.252,0.505,0.46,14.1,30.6,0.22,0.476,15.0,71.3,0.218,New Orleans Arena,587613,14332
14,14,Seattle SuperSonics,26.0,37.0,45.0,39,43,-0.63,0.66,0.02,107.3,108.0,-0.7,89.9,0.27,0.294,0.54,0.501,13.9,27.2,0.207,0.487,13.9,68.5,0.237,KeyArena at Seattle Center,625474,15154
15,15,Golden State Warriors,28.1,37.0,45.0,39,43,-0.73,0.66,-0.07,103.0,103.8,-0.8,89.8,0.311,0.197,0.517,0.475,14.1,28.4,0.226,0.476,13.3,72.1,0.211,The Arena in Oakland,665648,16235
16,16,Portland Trail Blazers,27.6,41.0,41.0,37,45,-1.27,0.69,-0.58,103.7,105.1,-1.4,86.2,0.267,0.17,0.515,0.478,14.4,31.2,0.195,0.482,13.3,70.0,0.186,Rose Garden Arena,684038,16684
17,17,Utah Jazz,24.9,42.0,40.0,37,45,-1.22,0.69,-0.53,101.9,103.3,-1.4,86.6,0.356,0.127,0.509,0.456,16.1,34.1,0.266,0.468,15.4,72.4,0.319,Delta Center,785330,19154
18,18,Boston Celtics,26.4,36.0,46.0,37,45,-1.45,-0.54,-1.99,102.1,103.7,-1.6,93.2,0.327,0.249,0.532,0.486,15.4,25.2,0.245,0.479,15.7,69.5,0.24,FleetCenter,664248,16201
19,19,New York Knicks,29.6,39.0,43.0,36,46,-1.48,-0.49,-1.97,101.7,103.3,-1.6,89.5,0.266,0.171,0.518,0.474,15.1,28.0,0.211,0.461,13.2,72.8,0.259,Madison Square Garden (IV),785739,19164
20,20,Philadelphia 76ers,27.5,33.0,49.0,33,49,-2.49,-0.46,-2.95,99.1,101.9,-2.8,88.0,0.321,0.158,0.505,0.456,15.5,28.2,0.242,0.467,14.7,70.7,0.231,Wachovia Center,788128,19223
21,21,Cleveland Cavaliers,24.9,35.0,47.0,33,49,-2.62,-0.44,-3.07,101.4,104.2,-2.8,90.8,0.301,0.116,0.498,0.451,13.7,31.1,0.226,0.469,12.3,73.0,0.221,Gund Arena,749790,18288
22,22,Toronto Raptors,27.6,33.0,49.0,31,51,-3.01,-0.4,-3.42,97.0,100.4,-3.4,86.8,0.26,0.204,0.495,0.454,14.1,23.8,0.195,0.449,14.1,70.1,0.241,Air Canada Centre,750608,18308
23,23,Phoenix Suns,24.4,29.0,53.0,30,52,-3.74,0.8,-2.94,101.4,105.5,-4.1,92.6,0.28,0.18,0.515,0.475,14.3,26.6,0.209,0.482,14.7,69.9,0.24,America West Arena,670385,16351
24,24,Los Angeles Clippers,24.3,28.0,54.0,28,54,-4.59,0.84,-3.74,103.5,108.5,-5.0,91.0,0.35,0.156,0.512,0.453,15.0,32.8,0.275,0.494,12.9,70.0,0.231,STAPLES Center,665396,16143
25,25,Atlanta Hawks,26.2,28.0,54.0,28,54,-4.65,-0.36,-5.0,101.0,106.1,-5.1,90.8,0.303,0.191,0.514,0.465,15.4,28.6,0.235,0.476,13.1,70.5,0.234,Philips Arena,565728,13798
26,26,Washington Wizards,24.4,25.0,57.0,25,57,-5.63,-0.48,-6.12,98.8,104.8,-6.0,92.2,0.337,0.194,0.5,0.454,16.0,30.7,0.241,0.486,14.9,69.5,0.214,MCI Center,645363,15741
27,27,Chicago Bulls,26.8,23.0,59.0,23,59,-6.35,-0.33,-6.69,96.6,103.4,-6.8,92.2,0.272,0.186,0.486,0.446,14.9,28.1,0.197,0.469,14.1,71.4,0.253,United Center,809177,19736
28,28,Orlando Magic,25.8,21.0,61.0,22,60,-7.02,-0.23,-7.25,102.7,110.4,-7.7,90.8,0.296,0.184,0.504,0.461,12.8,28.1,0.218,0.502,12.7,68.7,0.214,TD Waterhouse Centre,589144,14369
0,0,San Antonio Spurs,28.5,59.0,23.0,63,19,7.8,0.03,7.84,107.5,98.8,8.7,88.9,0.329,0.216,0.534,0.492,13.2,29.1,0.238,0.452,14.7,73.6,0.236,SBC Center,750970,18316
1,1,Phoenix Suns,25.2,62.0,20.0,59,23,7.12,-0.04,7.08,114.5,107.1,7.4,95.9,0.296,0.289,0.571,0.534,12.4,27.5,0.222,0.478,12.0,68.3,0.176,America West Arena,726066,17709
2,2,Miami Heat,28.0,59.0,23.0,59,23,6.52,-0.76,5.77,110.2,103.1,7.1,90.8,0.387,0.198,0.559,0.524,13.1,27.0,0.26,0.46,12.4,74.1,0.242,AmericanAirlines Arena,815143,19882
3,3,Dallas Mavericks,27.7,58.0,24.0,57,25,5.74,0.11,5.86,110.3,104.1,6.2,92.7,0.346,0.19,0.545,0.492,12.5,28.6,0.273,0.472,14.3,70.2,0.239,American Airlines Center,822533,20062
4,4,Houston Rockets,29.7,51.0,31.0,53,29,4.04,0.23,4.27,106.2,101.7,4.5,88.8,0.309,0.237,0.534,0.486,13.5,26.3,0.242,0.459,12.9,74.5,0.245,Toyota Center,663444,16182
5,5,Detroit Pistons,27.9,54.0,28.0,53,29,3.87,-0.55,3.31,105.6,101.2,4.4,87.2,0.335,0.164,0.519,0.472,13.3,31.2,0.247,0.461,13.5,73.0,0.207,The Palace of Auburn Hills,905116,22076
6,6,Seattle SuperSonics,26.0,52.0,30.0,48,34,2.29,0.3,2.59,112.2,109.6,2.6,87.9,0.328,0.281,0.546,0.495,13.0,32.4,0.259,0.496,12.9,71.3,0.249,KeyArena at Seattle Center,675490,16475
7,7,Memphis Grizzlies,26.3,45.0,37.0,48,34,2.29,0.34,2.64,105.5,102.9,2.6,88.5,0.323,0.237,0.535,0.489,14.3,27.1,0.243,0.466,15.4,69.9,0.27,FedEx Forum,691362,16862
8,8,Sacramento Kings,27.7,50.0,32.0,47,35,2.16,0.4,2.56,110.5,108.2,2.3,93.0,0.287,0.2,0.541,0.496,12.0,28.8,0.226,0.493,13.3,69.0,0.214,ARCO Arena (II),709997,17317
9,9,Denver Nuggets,26.7,49.0,33.0,47,35,2.02,0.2,2.23,106.0,103.9,2.1,93.5,0.35,0.142,0.535,0.483,13.8,28.4,0.267,0.482,15.1,71.7,0.247,Pepsi Center,723949,17657
10,10,Minnesota Timberwolves,29.0,44.0,38.0,45,37,1.45,0.28,1.73,108.2,106.6,1.6,89.1,0.275,0.173,0.534,0.489,12.7,28.6,0.219,0.472,11.2,71.4,0.208,Target Center,704438,17181
11,11,Chicago Bulls,25.0,47.0,35.0,44,38,1.06,-0.41,0.65,101.4,100.3,1.1,92.4,0.311,0.217,0.517,0.471,15.5,28.4,0.233,0.454,14.4,72.6,0.262,United Center,828384,20204
12,12,Boston Celtics,27.1,45.0,37.0,43,39,0.87,-0.52,0.35,107.5,106.6,0.9,93.3,0.357,0.192,0.551,0.501,14.7,27.2,0.273,0.481,14.2,70.1,0.274,FleetCenter,656081,16002
13,13,Cleveland Cavaliers,26.5,42.0,40.0,43,39,0.79,-0.52,0.27,106.6,105.7,0.9,89.7,0.325,0.135,0.518,0.47,13.0,32.5,0.244,0.485,14.1,71.5,0.248,Gund Arena,784249,19128
14,14,Indiana Pacers,28.3,44.0,38.0,43,39,0.76,-0.27,0.49,105.5,104.6,0.9,87.2,0.358,0.255,0.534,0.476,14.1,26.4,0.283,0.472,13.6,71.3,0.261,Conseco Fieldhouse,696764,16994
15,15,Washington Wizards,25.3,45.0,37.0,40,42,-0.33,-0.38,-0.71,107.2,107.5,-0.3,93.3,0.364,0.22,0.523,0.474,12.9,31.1,0.264,0.498,14.6,70.0,0.23,MCI Center,705069,17197
16,16,Philadelphia 76ers,26.4,43.0,39.0,39,43,-0.74,-0.33,-1.07,103.5,104.3,-0.8,94.9,0.326,0.216,0.528,0.475,14.2,25.4,0.257,0.485,15.4,72.7,0.267,Wachovia Center,732686,17870
17,17,Los Angeles Clippers,25.5,37.0,45.0,39,43,-0.77,0.3,-0.47,105.5,106.4,-0.9,89.1,0.357,0.105,0.533,0.477,14.9,30.3,0.278,0.48,13.0,71.3,0.235,STAPLES Center,696181,16980
18,18,New Jersey Nets,27.8,42.0,40.0,36,46,-1.5,-0.32,-1.82,101.4,103.1,-1.7,89.1,0.318,0.187,0.512,0.463,13.7,25.5,0.242,0.479,15.2,73.2,0.278,Continental Airlines Arena,618681,15090
19,19,Toronto Raptors,27.0,33.0,49.0,36,46,-1.62,-0.19,-1.81,106.9,108.7,-1.8,92.7,0.316,0.253,0.539,0.492,12.5,23.7,0.244,0.499,13.4,71.1,0.24,Air Canada Centre,703388,17156
20,20,Golden State Warriors,26.7,34.0,48.0,35,47,-2.16,0.42,-1.74,104.7,106.9,-2.2,93.3,0.278,0.252,0.512,0.475,12.3,27.8,0.201,0.491,13.9,69.7,0.227,Oakland Arena,670368,16350
21,21,Orlando Magic,26.5,36.0,46.0,35,47,-2.24,-0.27,-2.52,104.9,107.3,-2.4,94.7,0.35,0.137,0.529,0.478,14.6,29.9,0.265,0.484,13.2,71.3,0.255,TD Waterhouse Centre,597942,14584
22,22,New York Knicks,27.3,33.0,49.0,34,48,-2.44,-0.28,-2.72,106.2,108.9,-2.7,90.7,0.312,0.188,0.531,0.485,13.8,28.3,0.239,0.501,13.8,71.2,0.265,Madison Square Garden (IV),800144,19516
23,23,Milwaukee Bucks,26.9,30.0,52.0,32,50,-2.99,-0.1,-3.09,106.6,109.8,-3.2,90.8,0.339,0.141,0.527,0.475,13.0,29.0,0.261,0.499,12.4,72.0,0.233,Bradley Center,637009,15537
24,24,Los Angeles Lakers,26.0,34.0,48.0,33,49,-2.96,0.64,-2.32,108.1,111.4,-3.3,90.8,0.322,0.273,0.535,0.485,13.4,29.5,0.251,0.493,11.0,71.1,0.218,STAPLES Center,770494,18793
25,25,Portland Trail Blazers,27.0,27.0,55.0,29,53,-4.0,0.55,-3.45,103.2,107.7,-4.5,89.8,0.303,0.181,0.524,0.484,15.2,29.6,0.219,0.479,12.6,67.7,0.204,Rose Garden Arena,680374,16594
26,26,Utah Jazz,25.7,26.0,56.0,29,53,-4.27,0.53,-3.74,104.7,109.5,-4.8,88.4,0.361,0.121,0.522,0.469,15.0,31.9,0.273,0.499,14.2,72.3,0.34,Delta Center,769014,18756
27,27,Charlotte Bobcats,24.9,18.0,64.0,24,58,-5.99,-0.16,-6.15,101.1,107.5,-6.4,92.3,0.306,0.128,0.497,0.455,13.3,29.5,0.217,0.497,14.7,70.9,0.269,Charlotte Coliseum,591701,14432
28,28,New Orleans Hornets,27.5,18.0,64.0,21,61,-7.07,0.78,-6.3,99.7,107.7,-8.0,87.6,0.279,0.201,0.493,0.446,14.2,29.1,0.214,0.491,13.9,70.7,0.261,New Orleans Arena,583070,14221
29,29,Atlanta Hawks,26.0,13.0,69.0,16,66,-9.71,0.09,-9.62,100.6,111.1,-10.5,91.4,0.299,0.146,0.504,0.464,14.9,30.7,0.212,0.513,14.0,72.1,0.289,Philips Arena,586390,14302
0,0,San Antonio Spurs,29.8,63.0,19.0,61,21,6.82,-0.13,6.69,107.3,99.6,7.7,88.5,0.298,0.215,0.546,0.513,13.6,26.0,0.209,0.457,13.5,74.2,0.22,SBC Center,770677,18797
1,1,Detroit Pistons,28.5,64.0,18.0,60,22,6.67,-0.44,6.24,110.8,103.1,7.7,86.8,0.297,0.221,0.535,0.497,11.2,28.9,0.216,0.477,13.7,71.2,0.191,The Palace of Auburn Hills,905116,22076
2,2,Dallas Mavericks,27.5,60.0,22.0,58,24,6.07,-0.11,5.96,111.8,105.0,6.8,87.8,0.364,0.175,0.55,0.495,13.1,31.8,0.285,0.475,13.7,72.2,0.257,American Airlines Center,824693,20114
3,3,Phoenix Suns,27.5,54.0,28.0,55,27,5.55,-0.07,5.48,111.5,105.8,5.7,95.8,0.206,0.293,0.568,0.537,12.2,22.1,0.166,0.49,13.2,72.1,0.2,America West Arena,730179,17809
4,4,Memphis Grizzlies,28.1,49.0,33.0,52,30,3.7,0.05,3.74,105.9,101.6,4.3,86.3,0.339,0.258,0.537,0.496,13.9,25.8,0.241,0.469,14.7,72.0,0.237,FedEx Forum,647533,15793
5,5,Miami Heat,29.2,52.0,30.0,52,30,3.87,-0.27,3.59,108.7,104.5,4.2,91.6,0.363,0.227,0.556,0.517,13.9,26.7,0.254,0.477,12.4,76.4,0.251,AmericanAirlines Arena,818149,19955
6,6,Los Angeles Lakers,25.1,45.0,37.0,48,34,2.5,0.03,2.53,108.4,105.7,2.7,90.9,0.329,0.24,0.539,0.495,13.1,28.8,0.245,0.486,13.4,73.6,0.242,STAPLES Center,774189,18883
7,7,Cleveland Cavaliers,27.1,50.0,32.0,48,34,2.23,-0.06,2.17,107.8,105.4,2.4,89.8,0.362,0.228,0.538,0.492,13.3,28.4,0.263,0.49,12.8,75.7,0.226,Gund Arena,792391,19327
8,8,Indiana Pacers,27.3,41.0,41.0,47,35,1.89,-0.27,1.62,104.5,102.4,2.1,89.7,0.344,0.245,0.533,0.487,14.8,27.1,0.254,0.464,13.0,72.6,0.232,Conseco Fieldhouse,663368,16180
9,9,Washington Wizards,26.5,42.0,40.0,46,36,1.85,-0.29,1.57,109.3,107.3,2.0,92.3,0.375,0.209,0.538,0.484,12.8,29.5,0.284,0.504,15.1,70.9,0.256,MCI Center,705062,17197
10,10,Sacramento Kings,27.2,44.0,38.0,45,37,1.54,0.07,1.61,106.7,105.0,1.7,91.9,0.334,0.217,0.544,0.492,13.9,25.4,0.262,0.488,13.7,72.2,0.21,ARCO Arena (II),709997,17317
11,11,Los Angeles Clippers,26.8,47.0,35.0,46,36,1.57,0.18,1.75,105.3,103.6,1.7,91.7,0.332,0.131,0.54,0.487,13.8,25.4,0.263,0.471,12.2,75.9,0.24,STAPLES Center,712409,17376
12,12,New Jersey Nets,28.6,49.0,33.0,45,37,1.37,-0.26,1.11,103.9,102.4,1.5,89.8,0.346,0.229,0.528,0.478,13.3,24.0,0.262,0.476,14.0,76.3,0.266,Continental Airlines Arena,691543,16867
13,13,Chicago Bulls,24.1,41.0,41.0,43,39,0.63,-0.12,0.51,104.0,103.4,0.6,92.9,0.292,0.219,0.527,0.487,13.9,26.3,0.216,0.464,13.9,74.7,0.295,United Center,868720,21188
14,14,Denver Nuggets,27.4,44.0,38.0,42,40,0.23,0.13,0.36,105.5,105.2,0.3,93.9,0.347,0.161,0.535,0.488,13.7,26.8,0.258,0.493,14.7,72.0,0.227,Pepsi Center,702555,17135
15,15,Milwaukee Bucks,25.5,40.0,42.0,38,44,-1.04,-0.04,-1.07,106.3,107.4,-1.1,91.2,0.322,0.203,0.535,0.492,13.8,27.3,0.238,0.504,13.8,74.6,0.262,Bradley Center,681337,16618
16,16,Orlando Magic,25.5,36.0,46.0,38,44,-1.07,-0.18,-1.26,106.3,107.5,-1.2,88.3,0.369,0.129,0.543,0.496,14.7,28.5,0.27,0.49,13.0,72.5,0.264,TD Waterhouse Centre,638005,15561
17,17,Golden State Warriors,25.6,34.0,48.0,37,45,-1.35,0.25,-1.11,104.8,106.2,-1.4,93.3,0.323,0.27,0.521,0.479,13.0,26.9,0.232,0.492,14.1,71.6,0.243,Oakland Arena,749185,18273
18,18,Houston Rockets,28.8,34.0,48.0,36,46,-1.59,0.28,-1.3,101.6,103.3,-1.7,88.0,0.317,0.226,0.519,0.471,14.3,25.5,0.24,0.472,13.1,74.6,0.247,Toyota Center,636110,15515
19,19,Boston Celtics,25.3,33.0,49.0,37,45,-1.54,-0.05,-1.59,105.2,106.9,-1.7,92.2,0.349,0.204,0.551,0.504,15.7,25.5,0.263,0.49,13.8,72.8,0.282,TD Banknorth Garden,692873,16899
20,20,Minnesota Timberwolves,26.7,33.0,49.0,35,47,-1.88,0.13,-1.75,102.4,104.5,-2.1,88.8,0.299,0.149,0.524,0.48,14.2,25.2,0.226,0.475,13.4,71.3,0.236,Target Center,662167,16150
21,21,Philadelphia 76ers,26.5,38.0,44.0,35,47,-1.95,-0.15,-2.1,106.0,108.1,-2.1,92.7,0.356,0.158,0.538,0.487,13.3,25.6,0.27,0.5,14.3,71.3,0.24,Wachovia Center,677278,16519
22,22,Utah Jazz,25.6,41.0,41.0,33,49,-2.63,0.14,-2.49,104.1,107.0,-2.9,87.8,0.397,0.149,0.519,0.467,15.0,32.4,0.286,0.49,14.0,73.2,0.303,Delta Center,751621,18332
23,23,New Orleans/Oklahoma City Hornets,26.3,38.0,44.0,33,49,-2.82,0.31,-2.51,103.7,106.8,-3.1,89.0,0.339,0.138,0.515,0.464,12.9,26.9,0.257,0.502,14.3,73.4,0.243,Ford Center,744920,18717
24,24,Toronto Raptors,25.9,27.0,55.0,33,49,-2.99,-0.04,-3.03,109.5,112.7,-3.2,91.1,0.315,0.244,0.548,0.5,12.4,25.4,0.249,0.53,13.5,73.3,0.263,Air Canada Centre,699332,17057
25,25,Seattle SuperSonics,25.6,35.0,47.0,33,49,-3.02,0.15,-2.88,111.1,114.4,-3.3,91.6,0.314,0.243,0.551,0.504,13.7,30.4,0.246,0.527,13.6,69.0,0.26,KeyArena at Seattle Center,664157,16199
26,26,Charlotte Bobcats,25.2,26.0,56.0,30,52,-4.0,0.1,-3.9,102.5,106.7,-4.2,93.4,0.319,0.184,0.509,0.464,13.0,27.1,0.233,0.514,16.5,70.7,0.263,Charlotte Bobcats Arena,671011,16366
27,27,Atlanta Hawks,22.7,26.0,56.0,28,54,-4.76,0.07,-4.69,106.4,111.6,-5.2,90.4,0.34,0.178,0.534,0.486,14.7,31.4,0.255,0.513,14.1,69.5,0.275,Philips Arena,617817,15069
28,28,New York Knicks,25.6,23.0,59.0,24,58,-6.4,0.11,-6.3,104.0,111.0,-7.0,90.8,0.417,0.142,0.534,0.481,16.5,31.2,0.303,0.511,13.4,72.8,0.294,Madison Square Garden (IV),776176,18931
29,29,Portland Trail Blazers,24.6,21.0,61.0,16,66,-9.45,0.54,-8.91,101.1,111.9,-10.8,87.6,0.31,0.166,0.511,0.474,14.5,26.6,0.214,0.507,12.6,68.2,0.231,Rose Garden Arena,617019,15049
0,0,San Antonio Spurs,30.4,58.0,24.0,64,18,8.43,-0.08,8.35,109.2,99.9,9.3,89.8,0.313,0.247,0.561,0.521,13.6,24.2,0.235,0.471,14.0,75.7,0.201,AT&T Center,764823,18654
1,1,Dallas Mavericks,28.1,67.0,15.0,61,21,7.22,0.06,7.28,111.3,103.2,8.1,89.5,0.317,0.218,0.559,0.509,13.4,28.7,0.256,0.477,14.2,75.0,0.265,American Airlines Center,834411,20351
2,2,Phoenix Suns,27.6,61.0,21.0,59,23,7.3,-0.03,7.28,113.9,106.4,7.5,95.6,0.267,0.287,0.59,0.551,13.4,22.7,0.215,0.492,13.6,71.9,0.206,US Airways Center,755302,18422
3,3,Chicago Bulls,26.0,49.0,33.0,55,27,5.01,-0.49,4.52,104.9,99.6,5.3,93.6,0.313,0.186,0.534,0.493,14.7,28.6,0.229,0.473,16.2,74.3,0.252,United Center,912364,22253
4,4,Houston Rockets,28.2,52.0,30.0,55,27,4.85,0.19,5.04,106.0,100.7,5.3,90.7,0.292,0.29,0.54,0.499,13.6,25.7,0.22,0.466,13.6,77.0,0.23,Toyota Center,678362,16545
5,5,Detroit Pistons,29.0,53.0,29.0,53,29,4.16,-0.47,3.69,108.9,104.2,4.7,87.3,0.307,0.201,0.535,0.488,12.0,28.3,0.237,0.477,14.3,70.9,0.234,The Palace of Auburn Hills,905116,22076
6,6,Cleveland Cavaliers,26.9,50.0,32.0,52,30,3.83,-0.5,3.33,105.5,101.3,4.2,90.8,0.32,0.211,0.522,0.484,13.4,29.7,0.223,0.48,14.7,75.8,0.243,Quicken Loans Arena,837883,20436
7,7,Utah Jazz,25.9,51.0,31.0,49,33,2.87,0.2,3.06,110.1,107.0,3.1,91.6,0.38,0.163,0.551,0.502,14.5,31.7,0.283,0.496,14.4,75.1,0.314,EnergySolutions Arena,802214,19566
8,8,Denver Nuggets,26.5,45.0,37.0,45,37,1.62,0.07,1.69,107.6,105.9,1.7,97.4,0.36,0.212,0.548,0.501,14.6,28.9,0.268,0.499,14.5,71.8,0.203,Pepsi Center,706437,17230
9,9,Toronto Raptors,26.0,47.0,35.0,44,38,0.99,-0.38,0.61,107.0,106.0,1.0,92.6,0.303,0.224,0.55,0.504,13.0,22.2,0.239,0.503,14.3,74.5,0.219,Air Canada Centre,748603,18259
10,10,Orlando Magic,25.6,40.0,42.0,43,39,0.78,-0.43,0.35,104.9,104.1,0.8,89.9,0.393,0.158,0.544,0.5,16.3,29.3,0.276,0.48,14.6,73.7,0.286,Amway Arena,700887,17095
11,11,Los Angeles Lakers,25.3,42.0,40.0,41,41,-0.07,0.32,0.24,108.6,108.6,0.0,93.5,0.333,0.259,0.554,0.511,14.3,26.1,0.249,0.5,13.5,72.3,0.262,STAPLES Center,778415,18986
12,12,Golden State Warriors,24.6,42.0,40.0,40,42,-0.34,0.34,0.0,107.0,107.4,-0.4,99.2,0.3,0.279,0.548,0.512,14.1,25.6,0.215,0.506,16.1,69.6,0.264,Oracle Arena,742267,18104
13,13,Washington Wizards,26.8,41.0,41.0,40,42,-0.51,-0.28,-0.8,110.1,110.6,-0.5,94.1,0.356,0.237,0.542,0.491,12.6,28.1,0.272,0.517,14.4,71.0,0.249,Verizon Center,753283,18373
14,14,Los Angeles Clippers,27.5,40.0,42.0,40,42,-0.46,0.39,-0.07,105.1,105.6,-0.5,90.8,0.355,0.143,0.537,0.481,14.5,27.2,0.28,0.488,13.3,74.7,0.249,STAPLES Center,755261,18421
15,15,New Jersey Nets,28.2,41.0,41.0,39,43,-0.77,-0.23,-1.0,105.7,106.6,-0.9,91.4,0.338,0.263,0.546,0.504,14.2,24.6,0.245,0.49,13.7,74.4,0.266,Continental Airlines Arena,693955,16926
16,16,Miami Heat,29.3,44.0,38.0,38,44,-0.91,-0.29,-1.21,104.3,105.3,-1.0,89.9,0.321,0.245,0.541,0.506,14.3,24.9,0.222,0.485,13.8,73.3,0.232,AmericanAirlines Arena,808541,19721
17,17,New Orleans/Oklahoma City Hornets,26.4,39.0,43.0,36,46,-1.57,0.38,-1.19,104.8,106.5,-1.7,90.2,0.291,0.188,0.52,0.479,13.6,29.1,0.215,0.499,13.2,74.7,0.212,Ford Center,731165,17954
18,18,Sacramento Kings,27.3,33.0,49.0,36,46,-1.8,0.46,-1.35,106.2,108.0,-1.8,94.8,0.379,0.232,0.545,0.491,13.5,23.1,0.289,0.513,14.9,72.5,0.24,ARCO Arena (II),709997,17317
19,19,Indiana Pacers,27.2,35.0,47.0,34,48,-2.44,-0.18,-2.62,102.9,105.5,-2.6,92.4,0.324,0.212,0.523,0.474,15.1,28.4,0.246,0.491,14.8,72.7,0.271,Conseco Fieldhouse,629750,15360
20,20,Seattle SuperSonics,25.9,31.0,51.0,33,49,-2.89,0.45,-2.45,107.2,110.3,-3.1,91.8,0.288,0.219,0.544,0.499,14.5,27.8,0.228,0.515,14.1,70.9,0.243,KeyArena at Seattle Center,654163,15955
21,21,New York Knicks,25.4,33.0,49.0,33,49,-2.85,-0.21,-3.06,105.7,108.8,-3.1,90.8,0.377,0.216,0.539,0.494,15.9,31.0,0.27,0.504,13.0,74.0,0.246,Madison Square Garden (IV),770617,18796
22,22,Philadelphia 76ers,26.2,35.0,47.0,32,50,-3.02,-0.23,-3.26,103.6,106.9,-3.3,90.7,0.333,0.128,0.53,0.48,14.6,27.2,0.255,0.501,14.7,70.8,0.221,Wachovia Center,608603,14844
23,23,Boston Celtics,23.5,24.0,58.0,31,51,-3.41,-0.29,-3.7,103.2,106.9,-3.7,92.0,0.337,0.199,0.53,0.479,15.4,27.0,0.259,0.502,14.5,73.8,0.28,TD Banknorth Garden,690576,16843
24,24,Minnesota Timberwolves,27.7,32.0,50.0,30,52,-3.67,0.51,-3.16,103.9,107.9,-4.0,91.0,0.291,0.167,0.537,0.49,14.8,25.1,0.231,0.498,13.3,72.1,0.226,Target Center,655947,15999
25,25,Charlotte Bobcats,25.5,33.0,49.0,30,52,-3.74,-0.22,-3.97,103.6,107.6,-4.0,92.0,0.322,0.193,0.524,0.48,13.9,26.4,0.236,0.5,14.7,71.6,0.279,Charlotte Bobcats Arena,637520,15549
26,26,Milwaukee Bucks,26.0,28.0,54.0,29,53,-4.38,-0.06,-4.43,107.0,111.7,-4.7,92.3,0.286,0.219,0.541,0.504,14.1,27.6,0.209,0.522,14.5,68.1,0.234,Bradley Center,663629,16186
27,27,Portland Trail Blazers,24.4,32.0,50.0,29,53,-4.29,0.51,-3.78,105.1,109.9,-4.8,88.3,0.314,0.193,0.53,0.483,14.5,28.2,0.241,0.508,13.5,73.0,0.267,Rose Garden Arena,670778,16360
28,28,Atlanta Hawks,24.1,30.0,52.0,27,55,-4.76,-0.1,-4.86,103.0,108.3,-5.3,90.0,0.346,0.163,0.523,0.471,15.1,29.2,0.263,0.503,14.5,70.9,0.268,Philips Arena,639375,15595
29,29,Memphis Grizzlies,26.2,22.0,60.0,27,55,-5.15,0.71,-4.44,106.9,112.3,-5.4,93.6,0.374,0.211,0.555,0.504,15.2,25.9,0.285,0.529,14.0,71.1,0.237,FedEx Forum,600836,14655
0,0,Boston Celtics,27.9,66.0,16.0,67,15,10.26,-0.95,9.3,110.2,98.9,11.3,90.9,0.346,0.249,0.569,0.522,14.7,26.6,0.267,0.457,15.2,74.4,0.253,TD Banknorth Garden,763584,18624
1,1,Detroit Pistons,28.3,59.0,23.0,62,20,7.39,-0.72,6.67,111.4,102.9,8.5,87.3,0.3,0.203,0.539,0.495,11.4,29.4,0.23,0.47,13.4,73.7,0.244,The Palace of Auburn Hills,905116,22076
2,2,Los Angeles Lakers,26.7,57.0,25.0,59,23,7.26,0.09,7.34,113.0,105.5,7.5,95.6,0.333,0.257,0.57,0.525,12.9,26.3,0.256,0.485,12.9,73.4,0.214,STAPLES Center,778877,18997
3,3,Utah Jazz,25.3,54.0,28.0,59,23,6.88,-0.01,6.86,113.8,106.5,7.3,93.2,0.349,0.166,0.573,0.528,13.6,29.5,0.265,0.501,15.0,74.1,0.294,EnergySolutions Arena,816211,19908
4,4,Orlando Magic,26.7,52.0,30.0,56,26,5.46,-0.68,4.79,111.3,105.5,5.8,93.4,0.355,0.322,0.575,0.537,13.6,23.4,0.256,0.484,12.3,74.8,0.217,Amway Arena,709346,17301
5,5,New Orleans Hornets,27.1,56.0,26.0,56,26,5.28,0.18,5.46,111.5,105.7,5.8,89.9,0.251,0.239,0.548,0.512,11.4,27.0,0.193,0.501,13.5,75.4,0.184,New Orleans Arena,581432,14181
6,6,San Antonio Spurs,31.4,56.0,26.0,55,27,4.79,0.31,5.1,107.2,101.8,5.4,88.8,0.276,0.251,0.543,0.504,12.6,23.4,0.21,0.477,12.8,77.1,0.201,AT&T Center,761149,18565
7,7,Houston Rockets,28.3,55.0,27.0,55,27,4.68,0.15,4.83,106.8,101.6,5.2,90.4,0.276,0.255,0.528,0.492,13.0,29.1,0.2,0.465,12.8,74.8,0.214,Toyota Center,718524,17525
8,8,Phoenix Suns,29.3,55.0,27.0,54,28,5.05,0.09,5.14,113.3,108.1,5.2,96.7,0.292,0.26,0.59,0.551,13.4,22.4,0.228,0.488,11.8,70.9,0.191,US Airways Center,755302,18422
9,9,Dallas Mavericks,28.9,51.0,31.0,54,28,4.54,0.16,4.7,111.1,106.1,5.0,90.2,0.318,0.215,0.554,0.502,12.3,26.7,0.259,0.474,11.7,75.0,0.252,American Airlines Center,831738,20286
10,10,Denver Nuggets,28.5,50.0,32.0,51,31,3.71,0.03,3.74,110.0,106.3,3.7,99.7,0.358,0.228,0.557,0.51,12.9,25.5,0.269,0.499,14.1,72.1,0.203,Pepsi Center,711962,17365
11,11,Toronto Raptors,26.3,41.0,41.0,49,33,2.9,-0.44,2.47,110.2,107.0,3.2,90.2,0.247,0.217,0.551,0.511,11.4,23.4,0.2,0.505,13.5,75.0,0.205,Air Canada Centre,796835,19435
12,12,Golden State Warriors,25.5,48.0,34.0,47,35,2.21,0.17,2.38,111.8,109.5,2.3,98.8,0.276,0.295,0.548,0.511,11.5,27.2,0.208,0.509,14.7,70.3,0.258,Oracle Arena,804864,19631
13,13,Philadelphia 76ers,25.3,40.0,42.0,42,40,0.41,-0.23,0.19,106.4,106.0,0.4,90.4,0.321,0.143,0.522,0.482,13.4,31.8,0.227,0.504,15.1,72.0,0.205,Wachovia Center,609675,14870
14,14,Washington Wizards,27.2,43.0,39.0,40,42,-0.33,-0.28,-0.61,109.2,109.6,-0.4,89.5,0.297,0.241,0.535,0.489,12.5,28.9,0.233,0.513,13.5,72.8,0.217,Verizon Center,736461,17962
15,15,Cleveland Cavaliers,27.1,45.0,37.0,40,42,-0.35,-0.17,-0.53,106.0,106.4,-0.4,90.2,0.308,0.231,0.52,0.48,13.1,30.4,0.221,0.494,12.9,75.9,0.24,Quicken Loans Arena,839074,20465
16,16,Portland Trail Blazers,24.1,41.0,41.0,38,44,-0.98,0.45,-0.52,107.3,108.4,-1.1,87.9,0.281,0.218,0.532,0.489,12.6,26.8,0.216,0.491,12.1,71.8,0.212,Rose Garden Arena,801566,19550
17,17,Indiana Pacers,26.7,36.0,46.0,37,45,-1.4,-0.46,-1.87,106.0,107.5,-1.5,97.7,0.292,0.289,0.54,0.498,13.5,24.4,0.224,0.498,14.1,73.9,0.271,Conseco Fieldhouse,501092,12222
18,18,Atlanta Hawks,24.2,37.0,45.0,36,46,-1.82,-0.41,-2.23,106.9,108.9,-2.0,91.1,0.34,0.165,0.535,0.483,14.0,29.7,0.263,0.501,12.9,71.7,0.217,Philips Arena,667518,16281
19,19,Sacramento Kings,27.3,38.0,44.0,35,47,-2.26,0.4,-1.86,107.5,109.9,-2.4,94.7,0.346,0.208,0.556,0.503,14.8,25.2,0.276,0.51,13.9,71.7,0.256,ARCO Arena (II),580181,14151
20,20,Chicago Bulls,25.7,33.0,49.0,32,50,-3.09,-0.11,-3.19,103.9,107.2,-3.3,93.0,0.296,0.19,0.515,0.47,13.4,28.9,0.223,0.496,14.2,73.1,0.258,United Center,901502,21988
21,21,Charlotte Bobcats,26.3,32.0,50.0,29,53,-4.38,-0.11,-4.49,104.6,109.4,-4.8,91.8,0.323,0.22,0.532,0.492,13.9,25.6,0.23,0.505,13.4,71.0,0.235,Charlotte Bobcats Arena,603403,14717
22,22,New Jersey Nets,27.4,34.0,48.0,27,55,-5.06,-0.09,-5.15,104.0,109.4,-5.4,91.5,0.347,0.222,0.528,0.481,14.2,26.6,0.255,0.497,12.7,73.8,0.271,Izod Center,641921,15657
23,23,Memphis Grizzlies,24.5,22.0,60.0,25,57,-6.21,0.45,-5.76,105.0,111.4,-6.4,95.3,0.311,0.264,0.539,0.5,14.0,23.8,0.225,0.521,12.2,73.4,0.196,FedEx Forum,523578,12770
24,24,New York Knicks,25.7,23.0,59.0,23,59,-6.61,0.06,-6.55,104.7,111.9,-7.2,91.6,0.31,0.215,0.518,0.475,13.4,28.6,0.226,0.518,12.1,72.7,0.229,Madison Square Garden (IV),783739,19116
25,25,Minnesota Timberwolves,24.6,22.0,60.0,23,59,-6.78,0.52,-6.26,103.8,111.2,-7.4,91.9,0.248,0.185,0.518,0.484,13.6,27.5,0.183,0.513,12.9,73.6,0.269,Target Center,593537,14477
26,26,Milwaukee Bucks,25.8,26.0,56.0,23,59,-6.89,-0.03,-6.92,105.3,112.8,-7.5,91.3,0.294,0.195,0.522,0.482,13.7,30.0,0.215,0.524,13.0,73.0,0.25,Bradley Center,639421,15596
27,27,Los Angeles Clippers,28.5,23.0,59.0,21,61,-7.27,0.71,-6.56,101.2,109.1,-7.9,92.1,0.338,0.167,0.519,0.465,13.7,23.1,0.264,0.503,12.8,73.1,0.236,STAPLES Center,692408,16888
28,28,Seattle SuperSonics,25.4,20.0,62.0,19,63,-8.76,0.72,-8.04,100.5,109.5,-9.0,96.3,0.265,0.134,0.509,0.467,14.3,26.8,0.204,0.503,11.9,73.7,0.215,KeyArena at Seattle Center,547556,13355
29,29,Miami Heat,27.4,15.0,67.0,18,64,-8.65,0.11,-8.53,100.5,110.0,-9.5,90.2,0.3,0.217,0.522,0.482,14.4,22.1,0.218,0.51,13.6,71.9,0.245,AmericanAirlines Arena,798004,19464
0,0,Cleveland Cavaliers,26.6,66.0,16.0,65,17,8.93,-0.25,8.68,112.4,102.4,10.0,88.7,0.312,0.259,0.56,0.519,12.5,27.7,0.236,0.468,13.5,74.6,0.226,Quicken Loans Arena,841000,20512
1,1,Boston Celtics,27.8,62.0,20.0,61,21,7.51,-0.07,7.44,110.5,102.3,8.2,90.4,0.328,0.214,0.571,0.528,15.0,27.9,0.251,0.47,14.0,75.6,0.253,TD Banknorth Garden,763584,18624
2,2,Los Angeles Lakers,27.4,65.0,17.0,61,21,7.66,-0.55,7.11,112.8,104.7,8.1,94.3,0.299,0.217,0.555,0.513,12.3,29.4,0.23,0.49,14.2,73.0,0.213,STAPLES Center,778877,18997
3,3,Orlando Magic,27.3,59.0,23.0,59,23,6.7,-0.21,6.48,109.2,101.9,7.3,92.3,0.351,0.335,0.559,0.52,13.4,24.0,0.251,0.465,12.3,75.9,0.209,Amway Arena,698768,17043
4,4,Portland Trail Blazers,24.0,54.0,28.0,56,26,5.34,-0.35,5.0,113.9,107.8,6.1,86.6,0.306,0.239,0.553,0.511,12.5,32.6,0.234,0.499,13.2,75.0,0.227,Rose Garden Arena,841499,20524
5,5,Houston Rockets,27.9,53.0,29.0,53,29,4.0,-0.27,3.73,108.4,104.0,4.4,90.2,0.292,0.254,0.548,0.501,13.6,26.4,0.235,0.479,11.9,75.3,0.192,Toyota Center,717669,17504
6,6,San Antonio Spurs,30.4,54.0,28.0,52,30,3.76,-0.4,3.36,108.5,104.3,4.2,88.4,0.251,0.248,0.548,0.513,11.7,22.1,0.191,0.487,11.7,78.0,0.191,AT&T Center,749048,18269
7,7,Denver Nuggets,27.7,54.0,28.0,50,32,3.41,-0.29,3.13,110.4,106.8,3.6,94.3,0.382,0.227,0.563,0.512,14.2,27.5,0.29,0.485,14.1,71.7,0.259,Pepsi Center,706165,17224
8,8,Utah Jazz,25.5,48.0,34.0,48,34,2.65,-0.34,2.31,110.1,107.3,2.8,93.1,0.355,0.169,0.554,0.504,13.6,28.2,0.274,0.505,15.0,72.7,0.262,EnergySolutions Arena,816042,19903
9,9,Dallas Mavericks,29.0,50.0,32.0,47,35,1.98,-0.3,1.68,110.5,108.4,2.1,91.5,0.274,0.241,0.55,0.504,12.1,26.6,0.224,0.493,12.3,74.6,0.225,American Airlines Center,821723,20042
10,10,Phoenix Suns,29.5,46.0,36.0,46,36,1.93,-0.31,1.62,113.6,111.6,2.0,96.0,0.336,0.216,0.584,0.545,14.4,27.7,0.25,0.511,12.8,71.7,0.233,US Airways Center,755302,18422
11,11,Atlanta Hawks,25.8,47.0,35.0,46,36,1.57,0.13,1.7,109.3,107.6,1.7,89.6,0.323,0.253,0.546,0.504,12.5,26.0,0.238,0.494,13.2,71.6,0.21,Philips Arena,686688,16748
12,12,New Orleans Hornets,28.2,49.0,33.0,46,36,1.55,-0.14,1.41,108.7,107.0,1.7,87.8,0.288,0.24,0.548,0.501,12.5,24.6,0.232,0.496,13.2,74.9,0.23,New Orleans Arena,695727,16969
13,13,Miami Heat,25.6,43.0,39.0,42,40,0.26,0.23,0.49,107.8,107.6,0.2,89.9,0.282,0.245,0.54,0.5,12.1,24.6,0.212,0.501,14.5,72.9,0.251,AmericanAirlines Arena,748778,18263
14,14,Philadelphia 76ers,26.1,41.0,41.0,41,41,0.07,0.09,0.16,107.9,107.8,0.1,90.0,0.339,0.164,0.532,0.485,13.4,31.3,0.253,0.507,14.9,71.4,0.216,Wachovia Center,647898,15802
15,15,Chicago Bulls,24.9,41.0,41.0,40,42,-0.28,0.12,-0.16,108.4,108.7,-0.3,93.1,0.3,0.189,0.541,0.493,13.3,28.0,0.239,0.493,13.1,70.9,0.238,United Center,868667,21187
16,16,Detroit Pistons,28.2,39.0,43.0,40,42,-0.49,0.13,-0.36,107.4,108.0,-0.6,86.7,0.282,0.165,0.524,0.483,11.7,27.9,0.212,0.485,11.7,74.0,0.248,The Palace of Auburn Hills,896971,21877
17,17,Indiana Pacers,26.5,36.0,46.0,38,44,-1.11,0.35,-0.76,108.1,109.2,-1.1,96.5,0.267,0.244,0.545,0.501,13.1,25.4,0.215,0.499,12.7,74.5,0.271,Conseco Fieldhouse,581472,14182
18,18,Milwaukee Bucks,26.3,34.0,48.0,38,44,-1.09,0.21,-0.88,106.7,107.9,-1.2,92.6,0.306,0.208,0.531,0.483,13.1,27.8,0.239,0.503,15.6,74.0,0.315,Bradley Center,630976,15390
19,19,Charlotte Bobcats,25.8,35.0,47.0,37,45,-1.27,0.07,-1.2,104.7,106.1,-1.4,88.3,0.312,0.213,0.536,0.494,15.1,27.7,0.231,0.498,14.4,73.0,0.229,Time Warner Cable Arena,597548,14574
20,20,New York Knicks,25.7,32.0,50.0,34,48,-2.61,0.28,-2.33,108.1,110.8,-2.7,96.7,0.268,0.322,0.544,0.503,12.9,24.4,0.21,0.52,13.0,72.7,0.215,Madison Square Garden (IV),790801,19288
21,21,New Jersey Nets,25.7,34.0,48.0,34,48,-2.44,0.13,-2.31,108.3,111.0,-2.7,89.9,0.303,0.265,0.543,0.497,12.7,25.2,0.236,0.509,13.0,73.5,0.272,Izod Center,621062,15148
22,22,Toronto Raptors,27.0,33.0,49.0,33,49,-2.82,0.28,-2.54,107.0,110.0,-3.0,92.0,0.279,0.193,0.542,0.494,12.8,24.0,0.23,0.511,12.6,73.7,0.202,Air Canada Centre,769707,18773
23,23,Golden State Warriors,25.0,29.0,53.0,31,51,-3.74,-0.06,-3.8,109.5,113.3,-3.8,98.2,0.339,0.209,0.549,0.497,12.9,26.1,0.268,0.508,12.9,68.1,0.251,Oracle Arena,776660,18943
24,24,Minnesota Timberwolves,25.4,24.0,58.0,27,55,-4.91,0.18,-4.74,106.1,111.4,-5.3,91.6,0.289,0.227,0.526,0.481,13.3,27.7,0.222,0.515,12.0,75.0,0.254,Target Center,595013,14513
25,25,Memphis Grizzlies,23.3,24.0,58.0,26,56,-5.46,0.24,-5.23,103.5,109.5,-6.0,90.1,0.329,0.175,0.533,0.486,14.8,25.8,0.249,0.515,14.1,73.5,0.247,FedEx Forum,519895,12680
26,26,Oklahoma City Thunder,24.5,23.0,59.0,24,58,-6.1,0.06,-6.04,102.9,109.4,-6.5,93.6,0.308,0.141,0.521,0.471,14.8,28.6,0.242,0.514,13.0,73.9,0.216,Ford Center,766868,18704
27,27,Washington Wizards,26.9,19.0,63.0,21,61,-7.46,0.48,-6.98,105.4,113.6,-8.2,91.0,0.293,0.18,0.524,0.48,13.2,27.7,0.224,0.533,13.3,71.4,0.227,Verizon Center,681119,16613
28,28,Sacramento Kings,26.3,17.0,65.0,19,63,-8.76,0.16,-8.6,105.5,114.7,-9.2,94.2,0.315,0.238,0.542,0.491,14.3,24.5,0.252,0.526,13.0,69.9,0.269,ARCO Arena (II),520169,12687
29,29,Los Angeles Clippers,26.6,19.0,63.0,18,64,-8.77,0.3,-8.47,102.3,111.7,-9.4,92.1,0.275,0.226,0.52,0.481,14.0,25.1,0.202,0.512,12.4,71.2,0.227,STAPLES Center,663587,16185
0,0,Orlando Magic,27.9,59.0,23.0,61,21,7.49,-0.37,7.12,111.4,103.3,8.1,92.0,0.34,0.35,0.573,0.536,13.6,24.6,0.246,0.477,12.2,77.4,0.205,Amway Arena,715901,17461
1,1,Cleveland Cavaliers,28.0,61.0,21.0,59,23,6.52,-0.36,6.17,111.2,104.1,7.1,91.4,0.341,0.248,0.57,0.532,13.4,25.1,0.246,0.482,12.3,77.2,0.218,Quicken Loans Arena,843042,20562
2,2,Utah Jazz,25.6,53.0,29.0,55,27,5.34,-0.01,5.33,110.7,105.0,5.7,93.8,0.34,0.184,0.565,0.524,14.2,26.8,0.252,0.492,14.2,75.6,0.269,EnergySolutions Arena,794512,19378
3,3,San Antonio Spurs,28.7,50.0,32.0,55,27,5.09,-0.02,5.07,110.0,104.5,5.5,91.7,0.296,0.232,0.552,0.515,12.9,26.8,0.219,0.483,12.1,76.3,0.214,AT&T Center,741676,18090
4,4,Atlanta Hawks,26.5,53.0,29.0,54,28,4.66,-0.22,4.44,111.9,106.7,5.2,90.1,0.281,0.214,0.545,0.506,11.4,28.2,0.213,0.496,13.2,72.7,0.208,Philips Arena,678375,16546
5,5,Phoenix Suns,28.5,54.0,28.0,54,28,4.9,-0.23,4.67,115.3,110.2,5.1,95.3,0.312,0.261,0.585,0.546,13.6,27.6,0.24,0.491,11.6,70.8,0.224,US Airways Center,723582,17648
6,6,Los Angeles Lakers,28.4,57.0,25.0,54,28,4.72,0.06,4.78,108.8,103.7,5.1,92.8,0.289,0.227,0.538,0.496,12.4,27.6,0.221,0.484,13.2,74.4,0.195,STAPLES Center,778877,18997
7,7,Denver Nuggets,27.7,53.0,29.0,52,30,4.09,0.06,4.15,111.8,107.5,4.3,94.8,0.376,0.227,0.561,0.509,12.7,26.1,0.29,0.495,13.8,72.4,0.251,Pepsi Center,737301,17983
8,8,Boston Celtics,29.4,50.0,32.0,52,30,3.66,-0.29,3.37,107.7,103.8,3.9,91.6,0.332,0.228,0.564,0.522,14.5,22.8,0.248,0.487,14.9,73.8,0.251,TD Garden,763584,18624
9,9,Portland Trail Blazers,26.6,50.0,32.0,51,31,3.3,-0.13,3.18,110.8,107.1,3.7,87.7,0.315,0.215,0.547,0.499,12.1,28.2,0.249,0.502,13.3,74.8,0.219,Rose Garden Arena,840371,20497
10,10,Oklahoma City Thunder,23.2,50.0,32.0,51,31,3.49,0.06,3.55,108.3,104.6,3.7,93.1,0.333,0.185,0.547,0.494,13.9,28.6,0.268,0.483,14.0,73.6,0.229,Oklahoma City Arena,738149,18004
11,11,Dallas Mavericks,30.7,55.0,27.0,49,33,2.72,-0.06,2.66,109.2,106.3,2.9,92.5,0.277,0.222,0.552,0.506,12.3,24.3,0.226,0.495,13.6,73.7,0.206,American Airlines Center,819770,19994
12,12,Miami Heat,27.1,47.0,35.0,48,34,2.28,-0.29,1.99,106.6,104.1,2.5,89.6,0.296,0.219,0.537,0.496,12.8,26.1,0.223,0.48,13.9,74.9,0.246,AmericanAirlines Arena,726935,17730
13,13,Milwaukee Bucks,26.4,46.0,36.0,46,36,1.7,-0.32,1.37,104.9,103.1,1.8,91.7,0.239,0.259,0.518,0.482,12.3,26.2,0.181,0.486,14.6,76.4,0.266,Bradley Center,619453,15109
14,14,Charlotte Bobcats,27.4,44.0,38.0,45,37,1.46,-0.17,1.3,104.4,102.8,1.6,90.4,0.346,0.211,0.538,0.49,15.1,26.5,0.26,0.491,14.7,74.2,0.194,Time Warner Cable Arena,648520,15818
15,15,Houston Rockets,26.0,42.0,40.0,40,42,-0.37,0.35,-0.02,107.6,108.0,-0.4,94.0,0.292,0.265,0.537,0.494,13.2,26.9,0.225,0.511,13.6,73.8,0.215,Toyota Center,677658,16528
16,16,Memphis Grizzlies,24.1,40.0,42.0,37,45,-1.51,0.13,-1.39,108.3,109.9,-1.6,93.6,0.32,0.148,0.536,0.494,13.7,31.3,0.235,0.52,13.2,73.3,0.205,FedEx Forum,552914,13486
17,17,Chicago Bulls,26.2,41.0,41.0,36,46,-1.63,0.0,-1.64,103.5,105.3,-1.8,93.1,0.287,0.156,0.52,0.477,13.3,26.6,0.217,0.484,12.3,74.8,0.212,United Center,849760,20726
18,18,Toronto Raptors,25.2,40.0,42.0,36,46,-1.78,-0.05,-1.83,111.3,113.2,-1.9,93.1,0.319,0.211,0.564,0.521,12.7,24.7,0.244,0.513,11.8,72.9,0.247,Air Canada Centre,733784,17897
19,19,New Orleans Hornets,27.5,37.0,45.0,34,48,-2.46,0.19,-2.27,107.4,110.1,-2.7,92.6,0.243,0.23,0.543,0.506,12.7,24.8,0.189,0.523,13.5,73.8,0.205,New Orleans Arena,617366,15058
20,20,Indiana Pacers,26.6,32.0,50.0,33,49,-3.01,-0.1,-3.11,103.7,106.8,-3.1,97.1,0.296,0.278,0.536,0.491,13.8,21.6,0.229,0.49,13.4,73.0,0.258,Conseco Fieldhouse,582295,14202
21,21,Golden State Warriors,25.1,26.0,56.0,32,50,-3.6,0.32,-3.28,108.1,111.7,-3.6,100.4,0.294,0.238,0.557,0.514,13.1,20.9,0.23,0.525,15.1,68.5,0.26,Oracle Arena,739120,18027
22,22,New York Knicks,25.4,29.0,53.0,31,51,-3.82,-0.19,-4.01,107.6,111.6,-4.0,94.0,0.256,0.312,0.547,0.509,13.0,23.5,0.2,0.526,13.3,72.1,0.207,Madison Square Garden (IV),799550,19501
23,23,Philadelphia 76ers,25.4,27.0,55.0,30,52,-3.9,-0.03,-3.93,106.1,110.3,-4.2,91.6,0.27,0.206,0.534,0.496,13.7,27.6,0.204,0.518,13.8,73.2,0.231,Wachovia Center,583219,14225
24,24,Sacramento Kings,24.1,25.0,57.0,29,53,-4.37,0.3,-4.06,105.3,109.9,-4.6,94.0,0.286,0.201,0.528,0.491,13.6,27.8,0.207,0.505,12.6,73.5,0.244,Power Balance Pavilion,543416,13254
25,25,Washington Wizards,27.6,26.0,56.0,28,54,-4.78,0.06,-4.72,104.2,109.4,-5.2,91.6,0.283,0.183,0.524,0.481,13.9,27.6,0.216,0.502,12.8,72.4,0.239,Verizon Center,664398,16205
26,26,Detroit Pistons,26.7,27.0,55.0,26,56,-5.11,0.09,-5.02,105.6,111.4,-5.8,88.5,0.303,0.18,0.515,0.474,12.8,30.3,0.22,0.526,14.2,73.4,0.264,The Palace of Auburn Hills,768826,18752
27,27,Los Angeles Clippers,27.3,29.0,53.0,24,58,-6.35,0.34,-6.01,103.3,110.1,-6.8,92.6,0.283,0.221,0.529,0.491,14.8,27.1,0.206,0.509,12.2,74.0,0.214,STAPLES Center,670063,16343
28,28,Minnesota Timberwolves,24.1,15.0,67.0,17,65,-9.6,0.54,-9.06,101.7,111.6,-9.9,96.1,0.278,0.171,0.518,0.478,14.6,26.7,0.207,0.525,13.0,73.6,0.22,Target Center,619170,15102
29,29,New Jersey Nets,24.8,12.0,70.0,17,65,-9.12,0.19,-8.93,100.6,110.5,-9.9,91.4,0.307,0.181,0.509,0.458,13.7,25.1,0.24,0.517,13.3,71.8,0.229,Izod Center,537230,13103
0,0,Miami Heat,29.0,58.0,24.0,61,21,7.46,-0.71,6.76,111.7,103.5,8.2,90.9,0.363,0.235,0.573,0.524,13.5,25.2,0.279,0.475,12.6,75.5,0.223,AmericanAirlines Arena,810930,19779
1,1,Chicago Bulls,26.4,62.0,20.0,61,21,7.32,-0.79,6.53,108.3,100.3,8.0,90.4,0.305,0.215,0.541,0.501,13.5,29.4,0.227,0.463,13.6,76.2,0.222,United Center,893462,21792
2,2,Los Angeles Lakers,30.2,57.0,25.0,58,24,6.11,-0.1,6.01,111.0,104.3,6.7,90.7,0.293,0.22,0.545,0.502,12.3,29.2,0.228,0.477,12.8,72.3,0.181,STAPLES Center,778877,18997
3,3,San Antonio Spurs,28.8,61.0,21.0,56,26,5.71,0.16,5.86,111.8,105.6,6.2,92.3,0.299,0.261,0.567,0.527,12.8,24.9,0.229,0.491,12.6,74.6,0.19,AT&T Center,750879,18314
4,4,Boston Celtics,29.5,56.0,26.0,57,25,5.37,-0.54,4.83,106.2,100.3,5.9,90.4,0.305,0.18,0.561,0.519,14.5,21.1,0.235,0.469,14.8,74.7,0.235,TD Garden,763584,18624
5,5,Orlando Magic,27.6,52.0,30.0,56,26,5.46,-0.54,4.92,107.9,102.0,5.9,91.2,0.328,0.328,0.554,0.521,14.3,26.1,0.227,0.475,13.3,76.9,0.219,Amway Center,777852,18972
6,6,Denver Nuggets,27.3,50.0,32.0,54,28,4.76,0.05,4.81,112.3,107.3,5.0,95.6,0.367,0.258,0.574,0.526,13.1,23.9,0.281,0.5,12.7,75.4,0.224,Pepsi Center,696568,16989
7,7,Dallas Mavericks,30.9,57.0,25.0,53,29,4.23,0.18,4.41,109.7,105.0,4.7,91.3,0.286,0.274,0.565,0.525,13.6,24.1,0.222,0.488,13.0,74.8,0.206,American Airlines Center,824162,20102
8,8,Oklahoma City Thunder,23.7,55.0,27.0,51,31,3.79,0.02,3.81,111.2,107.2,4.0,92.7,0.363,0.212,0.561,0.501,13.1,27.4,0.299,0.493,12.9,73.6,0.228,Chesapeake Energy Arena,744068,18148
9,9,Memphis Grizzlies,25.2,46.0,36.0,48,34,2.34,0.2,2.55,107.6,105.1,2.5,91.9,0.291,0.136,0.534,0.493,13.0,28.9,0.218,0.502,15.7,72.5,0.228,FedEx Forum,600687,14651
10,10,Houston Rockets,26.5,43.0,39.0,47,35,2.18,0.19,2.37,111.3,109.0,2.3,94.2,0.299,0.264,0.55,0.503,12.3,27.4,0.239,0.5,12.6,72.7,0.219,Toyota Center,663839,16191
11,11,Portland Trail Blazers,26.7,48.0,34.0,46,36,1.52,0.32,1.85,108.8,107.1,1.7,87.9,0.278,0.228,0.533,0.486,12.6,29.5,0.224,0.51,15.4,72.0,0.231,Rose Garden Arena,840924,20510
12,12,Philadelphia 76ers,24.7,41.0,41.0,45,37,1.5,-0.5,1.01,106.6,105.0,1.6,91.7,0.273,0.184,0.535,0.494,12.3,24.6,0.21,0.487,13.5,74.5,0.231,Wells Fargo Center,604823,14752
13,13,New Orleans Hornets,26.3,46.0,36.0,44,38,0.89,0.39,1.28,106.2,105.2,1.0,88.7,0.296,0.192,0.537,0.493,12.8,25.1,0.226,0.501,14.4,76.2,0.22,New Orleans Arena,603088,14709
14,14,New York Knicks,25.3,42.0,40.0,43,39,0.78,-0.3,0.48,110.9,110.1,0.8,95.6,0.304,0.303,0.561,0.513,12.6,24.2,0.246,0.511,13.8,71.9,0.24,Madison Square Garden (IV),808879,19729
15,15,Milwaukee Bucks,26.7,35.0,47.0,38,44,-0.84,-0.17,-1.02,101.6,102.5,-0.9,89.8,0.287,0.216,0.511,0.467,13.0,24.7,0.217,0.481,14.7,74.8,0.236,Bradley Center,631912,15412
16,16,Phoenix Suns,29.6,40.0,42.0,39,43,-0.89,0.43,-0.46,109.5,110.4,-0.9,94.4,0.283,0.271,0.559,0.522,13.2,23.7,0.215,0.513,13.1,71.6,0.211,US Airways Center,720249,17567
17,17,Atlanta Hawks,27.4,44.0,38.0,39,43,-0.82,-0.28,-1.1,106.1,107.0,-0.9,89.3,0.269,0.222,0.542,0.501,13.5,23.4,0.209,0.495,12.3,74.6,0.211,Philips Arena,641596,15649
18,18,Indiana Pacers,25.9,37.0,45.0,38,44,-1.07,-0.3,-1.38,104.8,106.0,-1.2,94.7,0.3,0.244,0.533,0.486,14.1,25.9,0.235,0.487,12.8,74.1,0.237,Conseco Fieldhouse,555077,13538
19,19,Utah Jazz,26.8,39.0,43.0,36,46,-1.83,0.39,-1.44,108.1,110.1,-2.0,91.0,0.313,0.191,0.544,0.498,13.5,27.0,0.241,0.505,13.8,71.7,0.275,EnergySolutions Arena,799982,19512
20,20,Golden State Warriors,25.2,36.0,46.0,35,47,-2.33,0.33,-2.0,108.2,110.7,-2.5,94.8,0.241,0.248,0.544,0.51,13.3,26.7,0.183,0.509,14.5,69.3,0.259,Oracle Arena,766398,18693
21,21,Los Angeles Clippers,24.6,32.0,50.0,32,50,-3.13,0.42,-2.71,105.3,108.7,-3.4,92.8,0.332,0.23,0.535,0.496,15.1,28.4,0.234,0.499,12.8,73.2,0.25,STAPLES Center,727462,17743
22,22,Detroit Pistons,27.2,30.0,52.0,31,51,-3.6,-0.18,-3.78,107.7,111.7,-4.0,89.2,0.279,0.189,0.533,0.495,12.5,27.4,0.206,0.526,13.8,72.1,0.235,The Palace of Auburn Hills,683080,16660
23,23,Charlotte Bobcats,26.9,34.0,48.0,29,53,-4.0,-0.08,-4.08,103.4,107.8,-4.4,89.6,0.314,0.189,0.528,0.482,14.1,25.7,0.237,0.5,12.9,75.2,0.229,Time Warner Cable Arena,649694,15846
24,24,Sacramento Kings,24.8,24.0,58.0,27,55,-5.34,0.54,-4.8,103.5,109.0,-5.5,95.2,0.284,0.183,0.519,0.48,14.4,29.9,0.208,0.513,13.5,74.4,0.233,Power Balance Pavilion,569496,13890
25,25,New Jersey Nets,24.8,24.0,58.0,24,58,-6.24,-0.04,-6.28,103.1,109.9,-6.8,89.9,0.283,0.201,0.517,0.474,13.4,26.1,0.215,0.503,11.8,74.2,0.241,Prudential Center,581378,13949
26,26,Toronto Raptors,24.5,22.0,60.0,24,58,-6.28,0.01,-6.28,106.1,112.9,-6.8,92.9,0.293,0.162,0.533,0.491,13.7,28.2,0.221,0.522,13.0,72.0,0.251,Air Canada Centre,680255,16592
27,27,Minnesota Timberwolves,23.8,17.0,65.0,24,58,-6.63,0.67,-5.97,104.2,111.1,-6.9,96.5,0.282,0.223,0.526,0.483,15.1,29.6,0.217,0.514,13.1,73.7,0.251,Target Center,624960,15243
28,28,Washington Wizards,24.9,23.0,59.0,22,60,-7.4,0.11,-7.3,102.4,110.2,-7.8,93.8,0.29,0.172,0.513,0.471,13.9,28.0,0.216,0.512,14.4,70.5,0.249,Verizon Center,688466,16792
29,29,Cleveland Cavaliers,26.6,19.0,63.0,18,64,-9.01,0.14,-8.88,102.2,111.8,-9.6,93.0,0.312,0.224,0.518,0.472,13.4,24.2,0.233,0.524,12.7,73.3,0.211,Quicken Loans Arena,824595,20112
0,0,Chicago Bulls,27.1,50.0,16.0,51,15,8.18,-0.76,7.43,107.4,98.3,9.1,89.1,0.255,0.205,0.523,0.49,13.2,32.6,0.184,0.45,12.8,74.3,0.175,United Center,731326,22161
1,1,San Antonio Spurs,27.5,50.0,16.0,48,18,7.17,0.11,7.28,110.9,103.2,7.7,92.9,0.261,0.257,0.562,0.528,12.8,25.1,0.195,0.489,12.9,76.0,0.168,AT&T Center,607095,18397
2,2,Oklahoma City Thunder,25.1,47.0,19.0,46,20,6.12,0.32,6.44,109.8,103.2,6.6,93.0,0.334,0.252,0.567,0.516,15.3,27.8,0.269,0.465,13.0,72.1,0.207,Chesapeake Energy Arena,600699,18203
3,3,Miami Heat,28.3,46.0,20.0,47,19,5.98,-0.27,5.72,106.6,100.2,6.4,91.2,0.307,0.198,0.549,0.505,14.5,26.6,0.238,0.479,15.8,73.9,0.2,AmericanAirlines Arena,657855,19935
4,4,Philadelphia 76ers,24.9,35.0,31.0,43,23,4.24,-0.65,3.59,103.9,99.2,4.7,89.7,0.217,0.175,0.511,0.48,10.9,24.4,0.161,0.46,13.5,75.2,0.192,Wells Fargo Center,577597,17503
5,5,Atlanta Hawks,27.9,40.0,26.0,41,25,3.44,-0.77,2.67,104.9,101.2,3.7,90.2,0.259,0.249,0.535,0.5,13.4,23.9,0.192,0.48,14.4,74.4,0.186,Philips Arena,501593,15200
6,6,Indiana Pacers,26.3,42.0,24.0,41,25,3.3,-0.71,2.6,106.7,103.1,3.6,90.7,0.321,0.198,0.526,0.474,13.1,29.2,0.251,0.476,14.1,72.3,0.222,Bankers Life Fieldhouse,467561,14169
7,7,New York Knicks,26.3,36.0,30.0,41,25,3.2,-0.81,2.39,104.4,101.0,3.4,93.2,0.306,0.288,0.533,0.492,14.9,26.6,0.227,0.485,15.9,73.7,0.224,Madison Square Garden (IV),652179,19763
8,8,Denver Nuggets,26.6,38.0,28.0,39,27,2.88,0.29,3.16,109.2,106.2,3.0,94.2,0.326,0.243,0.556,0.516,14.1,27.7,0.239,0.508,14.3,74.3,0.185,Pepsi Center,561966,17029
9,9,Boston Celtics,29.3,39.0,27.0,39,27,2.52,-0.26,2.26,101.0,98.2,2.8,90.4,0.257,0.194,0.535,0.496,14.7,19.7,0.2,0.452,14.9,72.4,0.216,TD Garden,614592,18624
10,10,Los Angeles Clippers,27.3,40.0,26.0,39,27,2.56,0.26,2.82,108.5,105.7,2.8,89.2,0.287,0.269,0.533,0.502,12.7,29.5,0.195,0.492,14.2,73.2,0.245,STAPLES Center,634237,19219
11,11,Memphis Grizzlies,25.6,41.0,25.0,38,28,2.02,0.42,2.43,104.0,101.8,2.2,90.8,0.277,0.157,0.515,0.473,13.6,29.8,0.211,0.485,16.3,72.7,0.227,FedEx Forum,518446,15710
12,12,Los Angeles Lakers,29.7,41.0,25.0,36,30,1.42,0.54,1.96,106.0,104.4,1.6,90.5,0.299,0.209,0.534,0.491,14.2,29.1,0.226,0.476,10.7,74.8,0.158,STAPLES Center,626901,18997
13,13,Dallas Mavericks,31.3,36.0,30.0,35,31,0.95,0.83,1.78,103.3,102.3,1.0,91.4,0.246,0.271,0.527,0.489,13.4,23.4,0.19,0.479,13.9,74.8,0.203,American Airlines Center,671050,20335
14,14,Orlando Magic,27.5,37.0,29.0,35,31,0.79,-0.33,0.46,105.0,104.1,0.9,89.0,0.292,0.346,0.533,0.506,14.5,26.5,0.193,0.488,12.9,75.5,0.19,Amway Center,623587,18897
15,15,Utah Jazz,25.6,36.0,30.0,34,32,0.62,0.3,0.92,106.8,106.1,0.7,91.4,0.302,0.153,0.525,0.481,13.0,30.2,0.227,0.493,13.8,73.8,0.245,EnergySolutions Arena,637124,19307
16,16,Milwaukee Bucks,26.2,31.0,35.0,34,32,0.27,-0.5,-0.23,105.5,105.2,0.3,93.7,0.25,0.224,0.521,0.481,12.9,27.7,0.194,0.489,14.6,70.9,0.217,Bradley Center,485717,14719
17,17,Houston Rockets,26.2,34.0,32.0,34,32,0.23,0.35,0.57,105.5,105.2,0.3,91.7,0.235,0.24,0.529,0.492,13.5,27.5,0.184,0.49,13.8,73.4,0.21,Toyota Center,506994,15363
18,18,Phoenix Suns,28.9,33.0,33.0,32,34,-0.24,0.53,0.29,106.2,106.5,-0.3,92.6,0.257,0.238,0.536,0.499,13.3,25.8,0.194,0.491,13.1,71.7,0.2,US Airways Center,514718,15598
19,19,Portland Trail Blazers,27.5,28.0,38.0,32,34,-0.62,0.41,-0.22,105.7,106.4,-0.7,91.2,0.263,0.255,0.531,0.488,13.4,26.3,0.209,0.504,14.1,72.8,0.199,Rose Garden Arena,676384,20496
20,20,Minnesota Timberwolves,24.4,26.0,40.0,28,38,-2.2,0.37,-1.83,104.3,106.6,-2.3,93.3,0.306,0.262,0.524,0.477,14.0,27.5,0.236,0.491,12.2,73.0,0.187,Target Center,577197,17491
21,21,Golden State Warriors,25.3,23.0,43.0,25,41,-3.41,0.62,-2.79,105.4,109.1,-3.7,92.3,0.227,0.248,0.539,0.505,13.3,22.9,0.175,0.496,13.6,69.1,0.237,Oracle Arena,622311,18858
22,22,Toronto Raptors,25.7,23.0,43.0,25,41,-3.3,-0.36,-3.67,100.8,104.5,-3.7,89.3,0.274,0.209,0.518,0.475,14.8,25.9,0.211,0.475,12.8,75.4,0.26,Air Canada Centre,555584,16836
23,23,New Orleans Hornets,25.5,21.0,45.0,24,42,-3.76,0.65,-3.11,100.9,105.1,-4.2,88.3,0.274,0.152,0.517,0.476,15.2,27.5,0.207,0.485,13.5,73.1,0.218,New Orleans Arena,498618,15110
24,24,Washington Wizards,24.2,20.0,46.0,22,44,-4.8,-0.34,-5.14,101.0,106.2,-5.2,92.5,0.253,0.196,0.508,0.472,14.2,27.3,0.184,0.492,14.2,70.9,0.229,Verizon Center,552038,16728
25,25,Detroit Pistons,26.3,25.0,41.0,22,44,-4.79,-0.4,-5.19,101.0,106.3,-5.3,89.2,0.279,0.175,0.51,0.468,15.0,28.1,0.21,0.5,14.2,72.8,0.226,The Palace of Auburn Hills,475638,14413
26,26,Sacramento Kings,24.3,22.0,44.0,21,45,-5.68,0.73,-4.95,103.8,109.8,-6.0,94.7,0.268,0.228,0.51,0.472,13.0,29.1,0.197,0.515,13.9,70.5,0.199,Power Balance Pavilion,478764,14508
27,27,New Jersey Nets,26.1,22.0,44.0,19,47,-5.98,-0.39,-6.37,102.9,109.6,-6.7,90.1,0.269,0.278,0.516,0.473,14.3,27.8,0.209,0.513,13.7,70.7,0.209,Prudential Center,460719,13961
28,28,Cleveland Cavaliers,26.0,21.0,45.0,17,49,-7.2,-0.14,-7.34,101.1,108.9,-7.8,91.3,0.307,0.238,0.505,0.463,14.3,28.9,0.22,0.508,13.1,72.2,0.202,Quicken Loans Arena,525577,15927
29,29,Charlotte Bobcats,24.5,7.0,59.0,7,59,-13.91,-0.05,-13.96,95.2,110.4,-15.2,91.1,0.276,0.169,0.483,0.439,13.9,23.6,0.206,0.512,12.8,70.9,0.206,Time Warner Cable Arena,486984,14757
0,0,Oklahoma City Thunder,26.0,60.0,22.0,64,18,9.21,-0.06,9.15,112.4,102.6,9.8,93.3,0.338,0.244,0.58,0.527,14.4,26.7,0.28,0.469,13.5,73.4,0.197,Chesapeake Energy Arena,746323,18203
1,1,Miami Heat,30.3,66.0,16.0,62,20,7.87,-0.84,7.03,112.3,103.7,8.6,90.7,0.297,0.285,0.588,0.552,13.7,22.2,0.224,0.487,14.8,73.0,0.2,AmericanAirlines Arena,819290,19983
2,2,Los Angeles Clippers,28.8,56.0,26.0,59,23,6.45,-0.02,6.43,110.6,103.6,7.0,91.1,0.286,0.265,0.557,0.526,13.9,28.8,0.203,0.492,15.4,73.5,0.229,STAPLES Center,788293,19227
3,3,San Antonio Spurs,28.6,58.0,24.0,58,24,6.4,0.27,6.67,108.3,101.6,6.7,94.2,0.258,0.264,0.568,0.531,14.0,20.5,0.204,0.48,13.7,74.9,0.179,AT&T Center,755700,18432
4,4,Denver Nuggets,26.1,57.0,25.0,55,27,5.09,0.28,5.37,110.4,105.1,5.3,95.1,0.308,0.217,0.549,0.515,13.6,31.4,0.216,0.493,14.3,71.8,0.193,Pepsi Center,730616,17820
5,5,New York Knicks,30.2,54.0,28.0,53,29,4.23,-0.5,3.73,111.1,106.3,4.8,89.8,0.258,0.354,0.55,0.515,11.7,25.6,0.196,0.508,14.8,74.7,0.216,Madison Square Garden (IV),780353,19033
6,6,Memphis Grizzlies,27.0,56.0,26.0,54,28,4.15,0.18,4.32,104.9,100.3,4.6,88.4,0.261,0.166,0.514,0.472,13.3,31.0,0.202,0.475,15.2,74.3,0.209,FedEx Forum,681613,16625
7,7,Indiana Pacers,25.7,49.0,32.0,52,29,4.02,-0.69,3.34,104.3,99.8,4.5,90.2,0.293,0.245,0.521,0.479,14.3,30.3,0.219,0.453,12.9,74.6,0.197,Bankers Life Fieldhouse,626069,15270
8,8,Houston Rockets,24.4,45.0,37.0,50,32,3.48,0.22,3.69,109.7,106.1,3.6,96.1,0.308,0.349,0.564,0.525,14.9,26.4,0.232,0.502,13.5,75.2,0.196,Toyota Center,683564,16672
9,9,Brooklyn Nets,28.6,49.0,33.0,46,36,1.78,-0.53,1.25,108.2,106.2,2.0,88.8,0.299,0.269,0.536,0.498,14.0,30.9,0.219,0.503,13.1,73.7,0.174,Barclays Center,704702,17188
10,10,Los Angeles Lakers,30.7,45.0,37.0,44,38,1.16,0.32,1.48,107.8,106.6,1.2,94.4,0.345,0.303,0.548,0.512,13.9,27.0,0.239,0.496,11.9,74.3,0.163,STAPLES Center,778877,18997
11,11,Golden State Warriors,25.3,47.0,35.0,44,38,0.89,0.42,1.32,106.4,105.5,0.9,94.5,0.255,0.239,0.545,0.506,14.0,25.4,0.201,0.486,12.4,75.5,0.211,Oracle Arena,794320,19374
12,12,Atlanta Hawks,27.1,44.0,38.0,42,40,0.4,-0.48,-0.08,104.8,104.4,0.4,92.6,0.244,0.286,0.546,0.517,14.2,22.2,0.174,0.496,14.2,73.6,0.181,Philips Arena,620146,15126
13,13,Chicago Bulls,28.0,45.0,37.0,42,40,0.32,-0.33,-0.02,103.5,103.2,0.3,89.3,0.259,0.189,0.512,0.47,13.6,29.4,0.201,0.477,13.2,73.6,0.206,United Center,896944,21877
14,14,Utah Jazz,26.3,43.0,39.0,41,41,-0.09,0.38,0.3,106.7,106.8,-0.1,90.9,0.281,0.206,0.533,0.492,13.8,28.8,0.214,0.501,14.0,73.2,0.226,EnergySolutions Arena,763915,18632
15,15,Boston Celtics,29.1,41.0,40.0,40,41,-0.22,-0.4,-0.62,103.1,103.3,-0.2,91.7,0.263,0.215,0.542,0.503,14.1,20.1,0.204,0.482,14.2,73.3,0.216,TD Garden,744960,18624
16,16,Dallas Mavericks,29.5,41.0,41.0,39,43,-0.6,0.36,-0.24,105.9,106.5,-0.6,94.1,0.242,0.236,0.544,0.506,13.0,21.8,0.192,0.492,13.3,73.1,0.227,American Airlines Center,821490,20036
17,17,Milwaukee Bucks,26.4,38.0,44.0,37,45,-1.5,-0.33,-1.83,103.6,105.2,-1.6,94.7,0.236,0.232,0.51,0.476,12.7,27.9,0.174,0.492,14.4,71.3,0.201,BMO Harris Bradley Center,616469,15036
18,18,Toronto Raptors,25.4,34.0,48.0,37,45,-1.48,-0.48,-1.96,105.9,107.5,-1.6,90.4,0.274,0.249,0.532,0.488,13.0,25.5,0.216,0.5,13.6,73.4,0.247,Air Canada Centre,743936,18145
19,19,Minnesota Timberwolves,26.4,31.0,51.0,34,48,-2.37,0.54,-1.83,102.9,105.4,-2.5,92.8,0.305,0.22,0.516,0.473,13.8,27.4,0.226,0.511,15.0,74.0,0.187,Target Center,669956,16340
20,20,Washington Wizards,25.4,29.0,53.0,33,49,-2.54,-0.25,-2.78,100.2,103.0,-2.8,92.2,0.261,0.223,0.512,0.475,14.2,24.6,0.191,0.483,13.7,74.6,0.206,Verizon Center,670070,16343
21,21,Portland Trail Blazers,24.4,33.0,49.0,32,50,-3.17,0.65,-2.53,105.8,109.2,-3.4,91.4,0.25,0.284,0.536,0.498,13.9,25.3,0.194,0.512,12.5,73.3,0.189,Rose Garden Arena,813012,19830
22,22,Philadelphia 76ers,25.2,34.0,48.0,31,51,-3.34,-0.17,-3.51,102.0,105.7,-3.7,91.0,0.2,0.209,0.509,0.481,12.5,24.9,0.146,0.495,13.7,73.4,0.2,Wells Fargo Center,685412,16717
23,23,Detroit Pistons,25.3,29.0,53.0,29,53,-3.99,-0.34,-4.33,103.8,108.1,-4.3,90.8,0.282,0.217,0.521,0.487,14.3,28.3,0.197,0.505,13.1,73.0,0.209,The Palace of Auburn Hills,606094,14685
24,24,New Orleans Hornets,24.0,27.0,55.0,30,52,-3.87,0.75,-3.12,105.7,110.1,-4.4,88.5,0.248,0.224,0.528,0.489,14.0,29.2,0.193,0.52,13.1,74.4,0.208,New Orleans Arena,565930,13803
25,25,Cleveland Cavaliers,24.1,24.0,58.0,28,54,-4.68,-0.19,-4.87,104.3,109.4,-5.1,92.3,0.265,0.229,0.514,0.473,13.0,28.1,0.2,0.523,14.4,72.6,0.225,Quicken Loans Arena,663882,16192
26,26,Sacramento Kings,25.6,28.0,54.0,28,54,-4.88,0.62,-4.26,106.2,111.4,-5.2,93.6,0.271,0.243,0.532,0.491,13.4,26.6,0.208,0.517,13.6,71.0,0.227,Sleep Train Arena,563743,13750
27,27,Phoenix Suns,26.9,25.0,57.0,23,59,-6.46,0.71,-5.75,101.2,108.1,-6.9,93.4,0.234,0.21,0.512,0.477,14.3,27.0,0.174,0.512,14.2,71.9,0.208,US Airways Center,632913,15437
28,28,Orlando Magic,24.6,20.0,62.0,22,60,-6.99,-0.14,-7.12,101.6,109.1,-7.5,92.2,0.197,0.223,0.514,0.485,13.7,25.4,0.149,0.508,11.8,74.6,0.195,Amway Center,722716,17627
29,29,Charlotte Bobcats,24.4,21.0,61.0,17,65,-9.23,-0.06,-9.29,101.5,111.5,-10.0,91.5,0.31,0.21,0.507,0.46,13.2,25.7,0.233,0.524,13.2,71.1,0.197,Time Warner Cable Arena,628293,15324
0,0,San Antonio Spurs,28.9,62.0,20.0,61,21,7.72,0.28,8.0,110.5,102.4,8.1,95.0,0.24,0.257,0.571,0.537,13.5,22.7,0.188,0.482,12.8,76.4,0.184,AT&T Center,755031,18415
1,1,Los Angeles Clippers,28.1,57.0,25.0,59,23,6.98,0.3,7.27,112.1,104.8,7.3,95.9,0.353,0.291,0.567,0.526,12.7,25.0,0.258,0.484,13.8,72.5,0.222,STAPLES Center,787692,19212
2,2,Oklahoma City Thunder,26.2,59.0,23.0,58,24,6.34,0.32,6.66,110.5,103.9,6.6,95.4,0.303,0.271,0.566,0.52,14.0,26.5,0.244,0.488,13.9,75.6,0.221,Chesapeake Energy Arena,746323,18203
3,3,Miami Heat,30.6,54.0,28.0,54,28,4.76,-0.61,4.15,110.9,105.8,5.1,91.2,0.3,0.292,0.59,0.554,14.6,20.6,0.228,0.511,15.8,73.0,0.212,AmericanAirlines Arena,811036,19781
4,4,Golden State Warriors,26.3,51.0,31.0,54,28,4.8,0.34,5.15,107.5,102.6,4.9,96.2,0.247,0.291,0.55,0.517,13.8,25.1,0.186,0.477,13.6,76.3,0.224,Oracle Arena,803436,19596
5,5,Indiana Pacers,27.2,56.0,26.0,54,28,4.4,-0.77,3.63,104.1,99.3,4.8,92.5,0.29,0.235,0.535,0.49,14.3,24.9,0.226,0.46,12.9,76.8,0.197,Bankers Life Fieldhouse,717542,17501
6,6,Houston Rockets,25.4,54.0,28.0,53,29,4.56,0.5,5.06,111.0,106.3,4.7,96.3,0.386,0.33,0.571,0.531,14.6,27.4,0.275,0.489,12.5,74.1,0.193,Toyota Center,743082,18124
7,7,Portland Trail Blazers,25.8,54.0,28.0,52,30,3.99,0.45,4.44,111.5,107.4,4.1,94.9,0.27,0.29,0.548,0.504,12.4,28.0,0.22,0.488,11.0,74.7,0.194,Moda Center,809612,19747
8,8,Toronto Raptors,25.6,48.0,34.0,50,32,3.24,-0.69,2.55,108.8,105.3,3.5,91.8,0.306,0.285,0.545,0.498,13.2,27.2,0.239,0.493,14.1,74.9,0.237,Air Canada Centre,748339,18252
9,9,Phoenix Suns,26.2,48.0,34.0,48,34,2.63,0.39,3.02,109.5,106.7,2.8,95.8,0.293,0.3,0.558,0.519,14.0,26.4,0.222,0.496,13.9,73.7,0.237,US Airways Center,650739,15872
10,10,Minnesota Timberwolves,26.3,40.0,42.0,48,34,2.67,0.43,3.1,108.9,106.2,2.7,97.3,0.321,0.245,0.535,0.486,12.2,27.4,0.249,0.518,14.8,74.4,0.177,Target Center,597157,14565
11,11,Dallas Mavericks,30.6,49.0,33.0,48,34,2.4,0.5,2.91,111.2,108.7,2.5,93.5,0.253,0.274,0.564,0.526,12.7,24.6,0.201,0.515,14.8,72.7,0.229,American Airlines Center,817982,19951
12,12,Chicago Bulls,28.6,48.0,34.0,47,35,1.85,-0.66,1.2,102.5,100.5,2.0,90.2,0.29,0.222,0.518,0.471,14.2,27.2,0.226,0.471,13.7,75.4,0.189,United Center,890370,21716
13,13,Memphis Grizzlies,28.5,50.0,32.0,46,36,1.57,0.61,2.18,106.3,104.6,1.7,89.9,0.248,0.171,0.529,0.494,13.1,28.3,0.184,0.497,13.8,75.7,0.199,FedEx Forum,685458,16718
14,14,Washington Wizards,26.3,44.0,38.0,45,37,1.27,-0.79,0.48,106.0,104.6,1.4,93.2,0.248,0.246,0.538,0.506,13.6,25.2,0.181,0.504,15.0,75.7,0.22,Verizon Center,698068,17026
15,15,Charlotte Bobcats,25.5,43.0,39.0,40,42,-0.22,-0.67,-0.89,103.6,103.8,-0.2,92.4,0.297,0.219,0.522,0.481,11.7,21.9,0.219,0.491,12.6,77.6,0.183,Time Warner Cable Arena,636268,15519
16,16,Atlanta Hawks,27.5,38.0,44.0,40,42,-0.48,-0.4,-0.88,105.9,106.4,-0.5,94.6,0.266,0.316,0.554,0.515,14.3,21.0,0.208,0.51,14.0,74.4,0.196,Philips Arena,587927,14231
17,17,New York Knicks,28.3,37.0,45.0,39,43,-0.79,-0.61,-1.4,108.3,109.1,-0.8,90.3,0.248,0.302,0.541,0.505,12.5,25.1,0.189,0.514,14.0,74.3,0.245,Madison Square Garden (IV),812292,19812
18,18,Brooklyn Nets,30.0,44.0,38.0,38,44,-1.0,-0.58,-1.58,106.7,107.7,-1.0,91.4,0.313,0.301,0.555,0.514,14.1,21.7,0.236,0.509,14.9,72.3,0.236,Barclays Center,707331,17252
19,19,Denver Nuggets,26.0,36.0,46.0,35,47,-2.15,0.75,-1.4,106.0,108.2,-2.2,98.1,0.306,0.278,0.536,0.497,14.0,27.5,0.222,0.5,12.8,74.5,0.233,Pepsi Center,692898,16900
20,20,New Orleans Pelicans,24.3,34.0,48.0,33,49,-2.71,0.73,-1.98,107.2,110.1,-2.9,92.2,0.286,0.193,0.537,0.495,12.9,26.9,0.22,0.515,13.6,73.8,0.249,Smoothie King Center,672029,16391
21,21,Sacramento Kings,24.9,28.0,54.0,33,49,-2.9,0.82,-2.08,105.7,108.8,-3.1,94.4,0.331,0.218,0.532,0.484,13.9,27.8,0.251,0.512,12.7,76.6,0.234,Sleep Train Arena,667949,16291
22,22,Cleveland Cavaliers,24.9,33.0,49.0,32,50,-3.29,-0.57,-3.86,104.2,107.7,-3.5,93.1,0.268,0.236,0.518,0.479,13.0,27.2,0.201,0.508,13.0,75.8,0.199,Quicken Loans Arena,710522,17330
23,23,Detroit Pistons,24.7,29.0,53.0,31,51,-3.66,-0.48,-4.13,105.9,109.7,-3.8,94.9,0.296,0.222,0.514,0.482,12.9,31.4,0.199,0.52,13.8,73.4,0.218,The Palace of Auburn Hills,616005,15025
24,24,Boston Celtics,25.4,25.0,57.0,28,54,-4.46,-0.51,-4.97,102.9,107.7,-4.8,93.3,0.248,0.251,0.517,0.477,14.2,27.4,0.193,0.505,13.4,74.2,0.227,TD Garden,742400,18107
25,25,Orlando Magic,24.6,23.0,59.0,26,56,-5.44,-0.44,-5.88,101.7,107.4,-5.7,93.6,0.253,0.235,0.525,0.487,13.9,22.4,0.193,0.504,13.0,75.5,0.211,Amway Center,666046,16245
26,26,Los Angeles Lakers,26.8,27.0,55.0,25,57,-6.29,0.96,-5.33,104.2,110.6,-6.4,98.7,0.263,0.291,0.542,0.505,13.7,20.2,0.199,0.513,12.4,71.0,0.192,STAPLES Center,771974,18829
27,27,Utah Jazz,24.5,25.0,57.0,22,60,-7.17,0.91,-6.27,103.5,111.3,-7.8,91.4,0.271,0.237,0.523,0.484,13.9,25.5,0.202,0.518,12.1,74.5,0.227,EnergySolutions Arena,745203,18176
28,28,Milwaukee Bucks,24.7,15.0,67.0,20,62,-8.18,-0.23,-8.41,103.0,111.8,-8.8,91.8,0.274,0.231,0.519,0.479,14.1,27.1,0.204,0.52,13.2,71.4,0.225,BMO Harris Bradley Center,552067,13465
29,29,Philadelphia 76ers,23.4,19.0,63.0,16,66,-10.45,-0.21,-10.66,99.4,109.9,-10.5,99.2,0.268,0.258,0.51,0.475,14.8,24.8,0.19,0.524,14.9,72.4,0.244,Wells Fargo Center,568632,13869
0,0,Golden State Warriors,26.6,67.0,15.0,65,17,10.1,-0.09,10.01,111.6,101.4,10.2,98.3,0.239,0.311,0.571,0.54,13.1,24.1,0.184,0.47,14.3,74.5,0.217,Oracle Arena,803436,19596
1,1,Los Angeles Clippers,28.8,56.0,26.0,58,24,6.59,0.22,6.8,112.4,105.5,6.9,94.7,0.303,0.322,0.565,0.533,11.6,22.8,0.215,0.493,13.2,75.7,0.231,STAPLES Center,785892,19168
2,2,San Antonio Spurs,29.8,55.0,27.0,58,24,6.2,0.14,6.34,108.5,102.0,6.5,93.8,0.256,0.269,0.555,0.517,13.1,23.4,0.2,0.484,13.3,77.3,0.19,AT&T Center,762855,18606
3,3,Atlanta Hawks,27.8,60.0,22.0,56,26,5.43,-0.68,4.75,108.9,103.1,5.8,93.9,0.259,0.321,0.563,0.527,13.5,21.4,0.201,0.492,14.9,73.4,0.185,Philips Arena,713909,17412
4,4,Cleveland Cavaliers,26.9,53.0,29.0,53,29,4.48,-0.4,4.08,111.1,106.3,4.8,92.3,0.287,0.334,0.557,0.52,13.4,26.8,0.216,0.502,12.6,74.7,0.177,Quicken Loans Arena,843042,20562
5,5,Portland Trail Blazers,27.0,51.0,31.0,53,29,4.23,0.18,4.41,108.2,103.7,4.5,94.2,0.225,0.316,0.544,0.508,12.6,24.2,0.18,0.476,11.3,76.2,0.182,Moda Center,798368,19472
6,6,Houston Rockets,27.6,56.0,26.0,50,32,3.44,0.38,3.82,107.0,103.4,3.6,96.5,0.312,0.392,0.548,0.512,15.0,26.8,0.223,0.486,14.6,72.9,0.208,Toyota Center,747412,18230
7,7,Memphis Grizzlies,29.6,55.0,27.0,50,32,3.24,0.38,3.62,105.7,102.2,3.5,92.0,0.276,0.184,0.531,0.489,12.6,24.7,0.214,0.492,14.5,75.3,0.183,FedEx Forum,710502,17329
8,8,Toronto Raptors,26.1,49.0,33.0,49,33,3.07,-0.62,2.45,111.0,107.7,3.3,92.8,0.295,0.302,0.553,0.508,12.0,25.6,0.232,0.506,13.4,73.3,0.208,Air Canada Centre,809824,19752
9,9,Chicago Bulls,28.8,50.0,32.0,50,32,3.0,-0.46,2.54,107.5,104.3,3.2,92.8,0.304,0.269,0.536,0.489,12.9,27.0,0.238,0.473,11.3,74.4,0.182,United Center,886612,21625
10,10,Dallas Mavericks,29.9,50.0,32.0,49,33,2.9,0.46,3.36,109.5,106.4,3.1,95.2,0.262,0.296,0.55,0.515,11.9,23.6,0.197,0.503,14.7,72.2,0.204,American Airlines Center,827702,20188
11,11,Oklahoma City Thunder,25.4,45.0,37.0,47,35,2.18,0.28,2.47,107.8,105.5,2.3,95.7,0.284,0.262,0.532,0.492,13.1,28.9,0.214,0.489,12.4,75.6,0.213,Chesapeake Energy Arena,746323,18203
12,12,New Orleans Pelicans,25.3,45.0,37.0,43,39,0.79,0.34,1.13,108.2,107.3,0.9,91.4,0.263,0.233,0.537,0.501,12.5,27.1,0.198,0.496,11.7,75.1,0.195,Smoothie King Center,683757,16677
13,13,Washington Wizards,28.6,46.0,36.0,43,39,0.72,-0.55,0.17,103.7,103.0,0.7,93.7,0.259,0.203,0.534,0.499,14.0,24.9,0.192,0.481,12.9,77.3,0.21,Verizon Center,747796,18239
14,14,Milwaukee Bucks,24.6,41.0,41.0,42,40,0.43,-0.52,-0.09,102.7,102.2,0.5,94.1,0.258,0.223,0.536,0.499,15.5,25.4,0.195,0.487,15.9,73.3,0.221,BMO Harris Bradley Center,593910,14813
15,15,Indiana Pacers,28.3,38.0,44.0,42,40,0.28,-0.51,-0.23,103.5,103.2,0.3,93.2,0.266,0.255,0.523,0.484,13.1,24.0,0.201,0.478,12.0,77.9,0.217,Bankers Life Fieldhouse,691434,16864
16,16,Utah Jazz,23.4,38.0,44.0,42,40,0.22,0.49,0.71,105.1,104.9,0.2,90.4,0.297,0.274,0.531,0.494,14.6,29.1,0.214,0.491,12.8,76.3,0.199,EnergySolutions Arena,772059,18831
17,17,Boston Celtics,25.0,40.0,42.0,41,41,0.16,-0.56,-0.4,104.7,104.5,0.2,95.8,0.233,0.28,0.523,0.489,12.5,24.7,0.176,0.494,13.7,75.0,0.208,TD Garden,721350,17594
18,18,Phoenix Suns,25.7,39.0,43.0,38,44,-0.9,0.52,-0.38,105.3,106.2,-0.9,96.3,0.251,0.291,0.537,0.501,13.7,24.5,0.191,0.497,14.0,73.5,0.221,US Airways Center,693862,16923
19,19,Detroit Pistons,25.9,32.0,50.0,38,44,-1.0,-0.39,-1.39,105.3,106.4,-1.1,92.8,0.261,0.29,0.515,0.482,12.3,27.7,0.184,0.502,13.2,75.0,0.192,The Palace of Auburn Hills,625917,15266
20,20,Miami Heat,28.5,37.0,45.0,33,49,-2.6,-0.32,-2.92,103.9,106.7,-2.8,90.9,0.306,0.262,0.54,0.5,14.5,23.2,0.227,0.505,14.2,73.4,0.213,AmericanAirlines Arena,808223,19713
21,21,Brooklyn Nets,28.6,38.0,44.0,33,49,-2.88,-0.25,-3.13,104.4,107.4,-3.0,92.7,0.267,0.24,0.529,0.491,13.0,23.9,0.2,0.506,12.9,73.7,0.185,Barclays Center,698529,17037
22,22,Charlotte Hornets,26.0,33.0,49.0,32,50,-3.17,-0.27,-3.44,100.1,103.5,-3.4,93.0,0.269,0.226,0.498,0.456,11.2,22.1,0.202,0.487,12.0,79.3,0.188,Time Warner Cable Arena,704886,17192
23,23,Denver Nuggets,26.4,30.0,52.0,31,51,-3.55,0.48,-3.07,104.5,108.2,-3.7,96.1,0.278,0.284,0.518,0.479,12.7,26.6,0.204,0.504,13.0,74.7,0.239,Pepsi Center,602707,14700
24,24,Sacramento Kings,26.0,29.0,53.0,31,51,-3.71,0.64,-3.07,105.3,109.2,-3.9,95.4,0.363,0.204,0.542,0.49,14.8,26.5,0.276,0.507,11.8,75.2,0.2,Sleep Train Arena,680049,16587
25,25,Orlando Magic,24.3,25.0,57.0,25,57,-5.72,-0.15,-5.87,101.6,107.7,-6.1,93.8,0.23,0.235,0.524,0.494,14.0,23.1,0.168,0.514,13.6,76.0,0.21,Amway Center,688194,16785
26,26,Los Angeles Lakers,27.0,21.0,61.0,23,59,-6.84,0.67,-6.17,103.4,110.6,-7.2,94.0,0.276,0.22,0.513,0.473,12.1,25.4,0.204,0.518,12.1,76.3,0.231,STAPLES Center,768244,18738
27,27,Minnesota Timberwolves,24.4,16.0,66.0,19,63,-8.79,0.79,-8.0,102.9,112.2,-9.3,94.4,0.309,0.179,0.517,0.468,13.7,26.6,0.24,0.537,13.9,71.6,0.187,Target Center,595652,14416
28,28,Philadelphia 76ers,23.2,18.0,64.0,18,64,-8.98,-0.07,-9.04,95.5,104.8,-9.3,95.7,0.288,0.319,0.494,0.459,16.0,25.5,0.195,0.497,15.2,73.0,0.225,Wells Fargo Center,571572,13941
29,29,New York Knicks,26.9,17.0,65.0,17,65,-9.32,-0.18,-9.5,99.9,110.0,-10.1,91.2,0.234,0.24,0.508,0.47,14.0,24.5,0.18,0.512,13.3,73.1,0.234,Madison Square Garden (IV),812292,19812
0,0,San Antonio Spurs,30.3,67.0,15.0,67,15,10.63,-0.36,10.28,110.3,99.0,11.3,93.8,0.246,0.223,0.564,0.526,12.4,23.0,0.197,0.477,14.1,79.1,0.182,AT&T Center,756445,18450
1,1,Golden State Warriors,27.4,73.0,9.0,65,17,10.76,-0.38,10.38,114.5,103.8,10.7,99.3,0.25,0.362,0.593,0.563,13.5,23.5,0.191,0.479,12.6,76.0,0.208,Oracle Arena,803436,19596
2,2,Oklahoma City Thunder,25.8,55.0,27.0,59,23,7.28,-0.19,7.09,113.1,105.6,7.5,96.7,0.292,0.275,0.565,0.524,14.0,31.1,0.228,0.484,11.7,76.0,0.205,Chesapeake Energy Arena,746323,18203
3,3,Cleveland Cavaliers,28.1,57.0,25.0,57,25,6.0,-0.55,5.45,110.9,104.5,6.4,93.3,0.259,0.352,0.558,0.524,12.7,25.1,0.194,0.496,12.6,78.5,0.205,Quicken Loans Arena,843042,20562
4,4,Toronto Raptors,26.3,56.0,26.0,53,29,4.5,-0.42,4.08,110.0,105.2,4.8,92.9,0.328,0.287,0.552,0.504,12.3,24.6,0.255,0.498,12.7,77.7,0.201,Air Canada Centre,812863,19826
5,5,Los Angeles Clippers,29.7,53.0,29.0,53,29,4.28,-0.15,4.13,108.3,103.8,4.5,95.8,0.318,0.324,0.556,0.524,12.1,20.1,0.22,0.48,13.8,73.8,0.222,STAPLES Center,786910,19193
6,6,Atlanta Hawks,28.2,48.0,34.0,51,31,3.61,-0.12,3.49,105.1,101.4,3.7,97.1,0.237,0.336,0.552,0.516,13.8,19.1,0.185,0.48,14.4,74.6,0.194,Philips Arena,690150,16833
7,7,Boston Celtics,25.2,48.0,34.0,50,32,3.21,-0.37,2.84,106.8,103.6,3.2,98.5,0.264,0.293,0.531,0.488,12.1,25.1,0.208,0.487,14.6,74.6,0.231,TD Garden,749076,18270
8,8,Charlotte Hornets,26.0,48.0,34.0,49,33,2.72,-0.36,2.36,107.1,104.3,2.8,95.7,0.28,0.348,0.545,0.502,11.7,20.0,0.222,0.496,12.5,79.8,0.191,Time Warner Cable Arena,716894,17485
9,9,Utah Jazz,24.2,40.0,42.0,46,36,1.79,0.05,1.84,105.9,103.9,2.0,91.0,0.286,0.297,0.54,0.501,14.2,25.9,0.213,0.495,13.5,77.7,0.21,Vivint Smart Home Arena,791489,19305
10,10,Miami Heat,28.4,48.0,34.0,46,36,1.65,-0.14,1.5,106.1,104.4,1.7,93.6,0.282,0.221,0.545,0.508,13.3,23.8,0.21,0.485,12.1,77.8,0.196,AmericanAirlines Arena,809350,19740
11,11,Indiana Pacers,26.9,45.0,37.0,46,36,1.71,-0.09,1.62,104.6,102.9,1.7,96.6,0.268,0.27,0.536,0.497,13.5,23.4,0.205,0.489,14.3,76.0,0.205,Bankers Life Fieldhouse,690733,16847
12,12,Portland Trail Blazers,24.3,44.0,38.0,43,39,0.83,0.15,0.98,108.8,108.0,0.8,96.0,0.268,0.332,0.548,0.511,13.2,25.9,0.202,0.503,12.1,76.2,0.225,Moda Center,794085,19368
13,13,Detroit Pistons,25.0,44.0,38.0,43,39,0.61,-0.18,0.43,106.1,105.5,0.6,95.1,0.296,0.303,0.522,0.491,12.2,27.0,0.197,0.504,12.5,79.3,0.196,The Palace of Auburn Hills,677138,16516
14,14,Houston Rockets,27.8,41.0,41.0,42,40,0.2,0.14,0.34,108.3,108.1,0.2,97.6,0.352,0.37,0.553,0.516,14.2,25.7,0.244,0.516,14.7,72.8,0.219,Toyota Center,737244,17982
15,15,Dallas Mavericks,30.3,42.0,40.0,40,42,-0.3,0.29,-0.02,106.7,107.0,-0.3,94.3,0.265,0.339,0.544,0.502,12.0,20.6,0.211,0.504,12.8,76.2,0.198,American Airlines Center,825901,20144
16,16,Washington Wizards,27.3,41.0,41.0,40,42,-0.5,0.0,-0.5,105.3,105.8,-0.5,98.5,0.263,0.282,0.544,0.511,13.1,20.6,0.192,0.515,14.6,77.7,0.218,Verizon Center,725426,17693
17,17,Chicago Bulls,27.6,42.0,40.0,37,45,-1.48,0.01,-1.46,105.0,106.5,-1.5,95.7,0.24,0.244,0.526,0.487,12.6,24.5,0.189,0.485,10.7,74.9,0.182,United Center,894659,21821
18,18,Orlando Magic,23.9,35.0,47.0,36,46,-1.62,-0.06,-1.68,105.1,106.8,-1.7,96.0,0.232,0.255,0.533,0.5,12.8,23.1,0.175,0.513,13.8,76.5,0.215,Amway Center,719275,17515
19,19,Sacramento Kings,26.6,33.0,49.0,34,48,-2.48,0.16,-2.32,106.0,108.4,-2.4,100.0,0.295,0.26,0.546,0.51,14.2,23.9,0.214,0.521,14.0,74.9,0.202,Sleep Train Arena,707526,17222
20,20,Memphis Grizzlies,30.5,42.0,40.0,35,47,-2.24,0.11,-2.14,105.4,107.8,-2.4,93.3,0.295,0.222,0.524,0.477,12.3,25.3,0.231,0.518,15.2,75.1,0.251,FedEx Forum,701894,17119
21,21,New York Knicks,27.2,32.0,50.0,33,49,-2.73,0.0,-2.74,104.6,107.6,-3.0,93.4,0.255,0.256,0.527,0.483,12.6,23.7,0.205,0.487,10.5,75.8,0.204,Madison Square Garden (IV),812292,19812
22,22,Denver Nuggets,24.7,33.0,49.0,33,49,-3.1,0.29,-2.81,105.6,108.9,-3.3,95.7,0.282,0.277,0.531,0.489,13.2,25.8,0.216,0.515,12.6,77.3,0.216,Pepsi Center,577898,14095
23,23,Minnesota Timberwolves,24.6,29.0,53.0,31,51,-3.54,0.15,-3.38,106.5,110.1,-3.6,95.2,0.332,0.202,0.549,0.498,13.9,24.3,0.263,0.524,13.6,74.7,0.2,Target Center,581178,14175
24,24,New Orleans Pelicans,26.6,30.0,52.0,31,51,-3.79,0.24,-3.56,105.6,109.5,-3.9,96.8,0.259,0.277,0.537,0.498,12.3,21.2,0.201,0.523,12.7,78.8,0.225,Smoothie King Center,688549,16794
25,25,Milwaukee Bucks,23.5,33.0,49.0,29,53,-4.18,0.2,-3.98,104.3,108.7,-4.4,94.2,0.276,0.189,0.537,0.499,14.2,24.9,0.207,0.51,14.2,73.1,0.221,BMO Harris Bradley Center,621808,15166
26,26,Phoenix Suns,26.0,23.0,59.0,24,58,-6.66,0.34,-6.32,102.2,109.0,-6.8,98.5,0.271,0.302,0.526,0.487,15.2,25.4,0.204,0.523,13.5,77.1,0.237,Talking Stick Resort Arena,701405,17107
27,27,Brooklyn Nets,26.9,21.0,61.0,22,60,-7.35,0.24,-7.12,103.2,110.9,-7.7,95.2,0.246,0.218,0.527,0.492,13.6,24.1,0.186,0.534,13.1,75.7,0.176,Barclays Center,620142,15125
28,28,Los Angeles Lakers,26.5,17.0,65.0,17,65,-9.56,0.64,-8.92,101.6,111.6,-10.0,95.6,0.292,0.29,0.509,0.46,12.5,23.1,0.228,0.523,11.6,74.7,0.202,STAPLES Center,778877,18997
29,29,Philadelphia 76ers,23.3,10.0,72.0,16,66,-10.23,0.31,-9.92,98.8,109.2,-10.4,97.9,0.269,0.327,0.519,0.487,14.8,20.6,0.186,0.51,13.5,74.0,0.24,Wells Fargo Center,614650,14991
0,0,Golden State Warriors,28.2,67.0,15.0,67,15,11.63,-0.28,11.35,115.6,104.0,11.6,99.8,0.259,0.359,0.597,0.563,13.2,22.8,0.204,0.486,13.5,74.9,0.198,Oracle Arena,803436,19596
1,1,San Antonio Spurs,29.6,61.0,21.0,60,22,7.2,-0.06,7.13,111.1,103.5,7.6,94.2,0.263,0.281,0.564,0.524,12.6,24.0,0.21,0.492,13.5,77.6,0.192,AT&T Center,755347,18423
2,2,Houston Rockets,27.4,55.0,27.0,55,27,5.77,0.08,5.84,114.7,109.0,5.7,100.0,0.304,0.462,0.583,0.545,13.3,24.6,0.233,0.519,13.2,75.8,0.194,Toyota Center,695903,16973
3,3,Toronto Raptors,26.1,51.0,31.0,52,30,4.21,-0.56,3.65,112.3,107.8,4.5,94.7,0.293,0.289,0.561,0.517,11.8,25.0,0.233,0.507,13.5,76.3,0.223,Air Canada Centre,813050,19830
4,4,Los Angeles Clippers,30.0,51.0,31.0,52,30,4.29,0.13,4.42,112.7,108.2,4.5,96.1,0.312,0.329,0.574,0.537,12.0,21.5,0.233,0.506,12.1,76.9,0.211,STAPLES Center,782609,19088
5,5,Utah Jazz,26.8,51.0,31.0,52,30,3.94,0.06,4.0,109.6,105.3,4.3,91.6,0.288,0.327,0.563,0.526,13.2,23.2,0.215,0.493,11.8,78.9,0.195,Vivint Smart Home Arena,806142,19662
6,6,Cleveland Cavaliers,29.2,51.0,31.0,49,33,3.18,-0.31,2.87,113.6,110.3,3.3,96.2,0.275,0.399,0.58,0.547,12.6,21.9,0.206,0.516,11.4,75.8,0.174,Quicken Loans Arena,843042,20562
7,7,Boston Celtics,25.9,53.0,29.0,48,34,2.63,-0.39,2.25,111.2,108.4,2.8,96.8,0.273,0.393,0.567,0.525,12.2,21.2,0.22,0.503,12.6,75.3,0.223,TD Garden,760690,18553
8,8,Washington Wizards,26.0,49.0,33.0,46,36,1.8,-0.45,1.36,111.2,109.3,1.9,97.4,0.254,0.284,0.564,0.528,12.8,24.1,0.199,0.524,13.8,75.5,0.213,Verizon Center,697107,17003
9,9,Miami Heat,26.5,41.0,41.0,44,38,1.06,-0.29,0.77,107.8,106.7,1.1,95.2,0.251,0.314,0.541,0.512,12.4,24.2,0.177,0.496,12.6,76.4,0.22,AmericanAirlines Arena,805400,19644
10,10,Oklahoma City Thunder,24.7,47.0,35.0,43,39,0.76,0.39,1.14,108.3,107.5,0.8,97.8,0.295,0.295,0.54,0.5,13.2,27.9,0.22,0.511,12.5,79.0,0.218,Chesapeake Energy Arena,746323,18203
11,11,Memphis Grizzlies,29.5,43.0,39.0,42,40,0.49,0.47,0.96,107.7,107.1,0.6,92.3,0.28,0.316,0.535,0.491,12.1,24.8,0.219,0.506,13.6,77.5,0.256,FedEx Forum,677314,16520
12,12,Denver Nuggets,25.2,40.0,42.0,42,40,0.51,0.19,0.7,113.2,112.7,0.5,98.3,0.276,0.329,0.568,0.53,13.2,27.3,0.214,0.532,10.9,78.7,0.194,Pepsi Center,605585,14672
13,13,Chicago Bulls,26.9,41.0,41.0,42,40,0.43,-0.39,0.03,107.4,107.0,0.4,95.3,0.259,0.256,0.53,0.487,12.3,27.0,0.206,0.507,12.4,76.8,0.169,United Center,888882,21680
14,14,Charlotte Hornets,26.5,36.0,46.0,42,40,0.2,-0.26,-0.07,108.8,108.6,0.2,95.7,0.279,0.335,0.547,0.501,10.7,19.9,0.227,0.523,12.1,79.6,0.164,Spectrum Center,710643,17333
15,15,Indiana Pacers,27.0,42.0,40.0,40,42,-0.22,-0.42,-0.64,108.6,108.8,-0.2,95.9,0.261,0.272,0.558,0.516,12.8,21.2,0.212,0.512,13.6,75.5,0.225,Bankers Life Fieldhouse,684578,16697
16,16,Milwaukee Bucks,25.6,42.0,40.0,40,42,-0.18,-0.26,-0.45,109.1,109.3,-0.2,94.5,0.274,0.29,0.565,0.527,13.2,21.5,0.21,0.518,13.6,75.4,0.215,BMO Harris Bradley Center,648952,15828
17,17,Portland Trail Blazers,24.8,41.0,41.0,40,42,-0.52,0.3,-0.23,110.3,110.8,-0.5,96.7,0.275,0.322,0.559,0.52,12.5,23.0,0.214,0.508,11.6,76.8,0.241,Moda Center,792029,19318
18,18,Atlanta Hawks,27.9,43.0,39.0,39,43,-0.85,-0.38,-1.23,104.9,105.7,-0.8,97.4,0.295,0.309,0.541,0.504,14.2,23.6,0.215,0.507,13.8,76.1,0.179,Philips Arena,654306,15959
19,19,Detroit Pistons,25.4,37.0,45.0,38,44,-1.12,-0.17,-1.29,106.0,107.1,-1.1,95.0,0.218,0.263,0.521,0.492,10.9,24.1,0.157,0.516,12.1,81.2,0.197,The Palace of Auburn Hills,655141,15979
20,20,Minnesota Timberwolves,24.0,31.0,51.0,38,44,-1.11,0.47,-0.64,110.8,112.0,-1.2,94.6,0.287,0.249,0.555,0.511,12.9,27.2,0.229,0.535,13.2,75.9,0.212,Target Center,607203,14810
21,21,New Orleans Pelicans,25.7,34.0,48.0,35,47,-2.1,0.41,-1.69,105.2,107.4,-2.2,98.0,0.256,0.308,0.539,0.504,11.7,18.5,0.192,0.509,12.4,76.8,0.177,Smoothie King Center,663099,16173
22,22,Dallas Mavericks,27.6,33.0,49.0,33,49,-2.93,0.4,-2.53,105.6,108.8,-3.2,92.2,0.225,0.366,0.541,0.505,11.6,18.1,0.18,0.529,14.4,77.6,0.218,American Airlines Center,811366,19789
23,23,New York Knicks,27.3,31.0,51.0,31,51,-3.67,-0.2,-3.87,107.7,111.5,-3.8,96.0,0.239,0.279,0.534,0.496,12.4,26.6,0.188,0.511,11.7,74.1,0.214,Madison Square Garden (IV),810741,19774
24,24,Sacramento Kings,27.9,32.0,50.0,31,51,-3.88,0.58,-3.29,107.3,111.3,-4.0,94.9,0.284,0.291,0.556,0.516,13.7,21.0,0.22,0.528,12.9,76.3,0.227,Golden 1 Center,721928,17608
25,25,Phoenix Suns,25.0,24.0,58.0,27,55,-5.63,0.49,-5.14,106.6,112.2,-5.6,100.3,0.297,0.255,0.538,0.493,13.4,26.0,0.231,0.525,13.1,76.4,0.264,Talking Stick Resort Arena,708639,17134
26,26,Philadelphia 76ers,24.6,28.0,54.0,26,56,-5.7,-0.14,-5.83,103.2,108.9,-5.7,98.5,0.258,0.349,0.539,0.501,14.9,22.4,0.199,0.512,13.5,75.3,0.234,Wells Fargo Center,710557,17331
27,27,Brooklyn Nets,26.0,20.0,62.0,24,58,-6.73,-0.01,-6.74,104.1,110.7,-6.6,101.3,0.289,0.371,0.551,0.507,14.7,19.6,0.228,0.513,11.6,76.1,0.212,Barclays Center,632608,15429
28,28,Orlando Magic,25.3,29.0,53.0,24,58,-6.57,-0.04,-6.61,103.7,110.5,-6.8,96.8,0.246,0.3,0.524,0.489,12.1,21.6,0.184,0.523,11.9,77.4,0.201,Amway Center,727875,17753
29,29,Los Angeles Lakers,25.1,26.0,56.0,24,58,-6.88,0.58,-6.29,106.0,113.0,-7.0,98.5,0.259,0.295,0.537,0.501,13.5,25.0,0.195,0.542,13.0,75.8,0.213,STAPLES Center,776917,18949
0,0,Houston Rockets,29.8,65.0,17.0,61,21,8.48,-0.27,8.21,114.7,106.1,8.6,97.6,0.298,0.502,0.59,0.551,12.7,21.3,0.233,0.521,13.4,79.9,0.171,Toyota Center,732722,17871
1,1,Toronto Raptors,25.8,59.0,23.0,60,22,7.78,-0.49,7.29,113.8,105.9,7.9,97.4,0.25,0.377,0.575,0.539,12.1,23.0,0.198,0.501,13.0,77.7,0.212,Air Canada Centre,813431,19840
2,2,Golden State Warriors,28.8,58.0,24.0,56,26,5.98,-0.19,5.79,113.6,107.6,6.0,99.6,0.239,0.339,0.603,0.569,14.1,21.0,0.195,0.504,12.6,76.3,0.186,Oracle Arena,803436,19596
3,3,Utah Jazz,26.7,48.0,34.0,53,29,4.3,0.17,4.47,108.4,103.9,4.5,95.7,0.26,0.357,0.564,0.527,13.7,21.5,0.202,0.506,14.0,79.8,0.19,Vivint Smart Home Arena,734806,17922
4,4,Philadelphia 76ers,25.8,52.0,30.0,53,29,4.5,-0.2,4.3,109.5,105.0,4.5,99.8,0.263,0.344,0.568,0.535,14.6,25.3,0.198,0.492,12.6,78.6,0.218,Wells Fargo Center,833503,20361
5,5,Boston Celtics,24.7,55.0,27.0,51,31,3.59,-0.35,3.23,107.6,103.9,3.7,96.0,0.243,0.357,0.552,0.518,13.0,21.5,0.188,0.495,13.0,78.4,0.191,TD Garden,763584,18624
6,6,Oklahoma City Thunder,27.3,48.0,34.0,50,32,3.41,0.0,3.42,110.7,107.2,3.5,96.7,0.275,0.345,0.546,0.514,12.4,27.7,0.197,0.525,14.7,77.4,0.193,Chesapeake Energy Arena,746322,18203
7,7,San Antonio Spurs,29.3,47.0,35.0,49,33,2.89,0.0,2.89,107.9,104.8,3.1,95.0,0.245,0.282,0.543,0.507,12.2,23.7,0.189,0.507,13.2,78.6,0.17,AT&T Center,754562,18404
8,8,Portland Trail Blazers,25.6,49.0,33.0,48,34,2.6,0.0,2.6,109.1,106.4,2.7,96.5,0.24,0.324,0.549,0.511,12.3,23.3,0.192,0.503,11.7,79.1,0.193,Moda Center,795750,19409
9,9,Minnesota Timberwolves,27.1,47.0,35.0,47,35,2.23,0.12,2.35,113.4,111.1,2.3,96.0,0.28,0.261,0.566,0.523,11.4,24.4,0.225,0.539,13.9,76.4,0.189,Target Center,699308,17056
10,10,Denver Nuggets,25.1,46.0,36.0,45,37,1.48,0.09,1.57,112.5,111.0,1.5,96.8,0.258,0.357,0.57,0.536,13.4,25.7,0.198,0.539,12.6,77.5,0.173,Pepsi Center,702796,17141
11,11,Indiana Pacers,26.2,48.0,34.0,45,37,1.38,-0.2,1.18,109.5,108.1,1.4,96.0,0.222,0.284,0.557,0.525,12.3,22.7,0.173,0.527,14.2,76.2,0.174,Bankers Life Fieldhouse,658119,16052
12,12,New Orleans Pelicans,27.6,48.0,34.0,44,38,1.3,0.18,1.48,109.6,108.3,1.3,100.5,0.237,0.319,0.573,0.541,13.3,20.0,0.183,0.513,12.5,76.7,0.175,Smoothie King Center,673920,16437
13,13,Cleveland Cavaliers,30.6,50.0,32.0,43,39,0.94,-0.35,0.59,112.9,111.9,1.0,98.0,0.275,0.379,0.584,0.547,12.6,20.1,0.214,0.54,12.2,77.3,0.166,Quicken Loans Arena,843042,20562
14,14,Washington Wizards,26.9,43.0,39.0,43,39,0.59,-0.06,0.53,109.3,108.7,0.6,96.6,0.254,0.31,0.56,0.525,13.3,23.5,0.196,0.522,13.6,77.1,0.212,Capital One Arena,739302,18032
15,15,Miami Heat,26.5,44.0,38.0,42,40,0.48,-0.33,0.15,106.8,106.3,0.5,95.6,0.229,0.358,0.551,0.52,13.3,21.5,0.173,0.507,13.1,79.0,0.215,AmericanAirlines Arena,804850,19630
16,16,Charlotte Hornets,26.6,36.0,46.0,42,40,0.26,-0.19,0.07,109.4,109.1,0.3,98.4,0.312,0.314,0.549,0.508,11.4,22.2,0.233,0.532,12.4,80.7,0.165,Spectrum Center,671404,16376
17,17,Los Angeles Clippers,27.0,42.0,40.0,41,41,0.04,0.11,0.15,110.3,110.2,0.1,98.7,0.299,0.314,0.564,0.527,13.2,23.5,0.222,0.52,12.6,76.1,0.203,STAPLES Center,697812,17020
18,18,Detroit Pistons,25.9,39.0,43.0,41,41,-0.15,-0.11,-0.26,107.2,107.3,-0.1,96.2,0.227,0.333,0.543,0.512,12.3,22.7,0.169,0.524,13.7,78.5,0.172,Little Caesars Arena,713945,17413
19,19,Milwaukee Bucks,25.9,44.0,38.0,40,42,-0.3,-0.15,-0.45,109.8,110.1,-0.3,96.2,0.281,0.297,0.571,0.531,12.9,20.4,0.22,0.528,14.2,75.9,0.22,BMO Harris Bradley Center,685303,16856
20,20,Los Angeles Lakers,23.7,35.0,47.0,37,45,-1.55,0.11,-1.44,106.5,108.0,-1.5,100.3,0.264,0.329,0.548,0.517,13.8,23.6,0.188,0.514,12.5,77.7,0.19,STAPLES Center,776327,18935
21,21,Dallas Mavericks,27.7,24.0,58.0,33,49,-3.04,0.34,-2.7,106.3,109.5,-3.2,95.6,0.217,0.382,0.544,0.513,11.6,18.0,0.166,0.532,12.9,78.9,0.193,American Airlines Center,811453,19792
22,22,New York Knicks,26.3,29.0,53.0,32,50,-3.56,0.03,-3.53,107.1,110.7,-3.6,96.8,0.216,0.266,0.544,0.51,13.3,24.1,0.17,0.522,12.2,76.7,0.208,Madison Square Garden (IV),792608,19332
23,23,Brooklyn Nets,25.1,28.0,54.0,31,51,-3.74,0.07,-3.67,106.9,110.6,-3.7,98.9,0.26,0.411,0.551,0.514,13.6,21.0,0.201,0.517,11.0,77.0,0.201,Barclays Center,640010,15376
24,24,Orlando Magic,25.6,25.0,57.0,28,54,-4.82,-0.1,-4.92,105.2,110.1,-4.9,98.1,0.238,0.342,0.545,0.512,13.3,20.0,0.18,0.525,12.8,75.6,0.187,Amway Center,734531,17915
25,25,Atlanta Hawks,25.4,24.0,58.0,27,55,-5.45,0.15,-5.3,105.0,110.6,-5.6,98.3,0.236,0.363,0.547,0.512,14.1,21.1,0.185,0.536,13.6,76.2,0.183,Philips Arena,590769,14409
26,26,Memphis Grizzlies,26.0,22.0,60.0,25,57,-6.21,0.39,-5.81,104.5,111.0,-6.5,94.9,0.255,0.317,0.539,0.5,14.0,22.4,0.201,0.529,13.8,76.5,0.256,FedEx Forum,653863,15948
27,27,Chicago Bulls,24.4,27.0,55.0,23,59,-7.04,0.2,-6.84,103.8,110.9,-7.1,98.3,0.216,0.35,0.529,0.497,12.6,20.6,0.164,0.542,12.4,80.6,0.184,United Center,851824,20776
28,28,Sacramento Kings,26.4,27.0,55.0,23,59,-6.99,0.39,-6.6,103.7,111.1,-7.4,94.9,0.194,0.278,0.529,0.502,12.8,21.5,0.143,0.542,13.5,77.6,0.199,Golden 1 Center,714680,17431
29,29,Phoenix Suns,23.7,21.0,61.0,19,63,-9.37,0.57,-8.8,103.5,112.8,-9.3,100.3,0.275,0.32,0.532,0.495,13.9,22.5,0.203,0.533,11.9,76.5,0.212,Talking Stick Resort Arena,690576,16843
